RN Via 'product.json#extensionEnabledApiProposals' extension 'ms-vsliveshare.vsliveshare' wants API proposal 'notebookCellExecutionState' but that proposal DOES NOT EXIST. Likely, the proposal has been finalized (check 'vscode.d.ts') or was abandoned.
warn @ log.ts:450
log.ts:450  WARN Via 'product.json#extensionEnabledApiProposals' extension 'ms-python.gather' wants API proposal 'notebookCellExecutionState' but that proposal DOES NOT EXIST. Likely, the proposal has been finalized (check 'vscode.d.ts') or was abandoned.
warn @ log.ts:450
log.ts:450  WARN Via 'product.json#extensionEnabledApiProposals' extension 'ms-python.vscode-pylance' wants API proposal 'mcpConfigurationProvider' but that proposal DOES NOT EXIST. Likely, the proposal has been finalized (check 'vscode.d.ts') or was abandoned.
warn @ log.ts:450
log.ts:460   ERR [/Users/bleckwolf25/.vscode/extensions/github.copilot-chat-0.26.7]: This extension is using the API proposals 'defaultChatParticipant' and 'chatParticipantPrivate' that are not compatible with the current version of VS Code.
error @ log.ts:460
log.ts:440  INFO [google.geminicodeassist]: Command `geminicodeassist.sdlcagents.agentBoard` already registered by Gemini Code Assist (google.geminicodeassist)
log.ts:440  INFO [maty.vscode-mocha-sidebar]: Command `mocha.selectAndRunTest` already registered by Mocha (Compulim.vscode-mocha)
log.ts:440  INFO [maty.vscode-mocha-sidebar]: Command `mocha.runFailedTests` already registered by Mocha (Compulim.vscode-mocha)
log.ts:440  INFO [maty.vscode-mocha-sidebar]: Command `mocha.runTestsByPattern` already registered by Mocha (Compulim.vscode-mocha)
log.ts:440  INFO [maty.vscode-mocha-sidebar]: Command `mocha.runLastSetAgain` already registered by Mocha (Compulim.vscode-mocha)
log.ts:440  INFO [maty.vscode-mocha-sidebar]: Command `mocha-maty.runAllTests` already registered by Mocha sidebar (maty.vscode-mocha-sidebar)
log.ts:450  WARN [maty.vscode-mocha-sidebar]: Cannot register 'mocha.options'. This property is already registered.
warn @ log.ts:450
log.ts:450  WARN [maty.vscode-mocha-sidebar]: Cannot register 'mocha.files.glob'. This property is already registered.
warn @ log.ts:450
log.ts:450  WARN [maty.vscode-mocha-sidebar]: Cannot register 'mocha.files.ignore'. This property is already registered.
warn @ log.ts:450
log.ts:450  WARN [maty.vscode-mocha-sidebar]: Cannot register 'mocha.env'. This property is already registered.
warn @ log.ts:450
log.ts:460   ERR [maty.vscode-mocha-sidebar]: Cannot register multiple views with same id `mocha`
error @ log.ts:460
console.ts:137 [Extension Host] user message 
    mocha path: /Users/bleckwolf25/Programming/personal/CodePulse/node_modules/mocha/index.js
    test files location: test/**/*.js
    files to ignore: **/.git/**/*,**/node_modules/**/*
    environmets: {}
    requires: []
    options:  {}


go-to-website-mini-gXKPjvg1.js:1 Failed to get pinned agents from store: MessageTimeout: Request timed out: get-remote-agent-pinned-status-request, id: d88f2903-5917-44b3-9e51-c8ac324a8b91
    at https://file+.vscode-resource.vscode-cdn.net/Users/bleckwolf25/.vscode/extensions/augment.vscode-augment-0.509.1/common-webviews/assets/async-messaging-CsT0vcQC.js:1:948
getPinnedAgentsFromStore @ go-to-website-mini-gXKPjvg1.js:1
async-messaging-CsT0vcQC.js:1 Uncaught (in promise) MessageTimeout: Request timed out: get-remote-agent-notification-enabled-request, id: 2e637697-cfae-4847-a954-f1a12483287e
    at https://file+.vscode-resource.vscode-cdn.net/Users/bleckwolf25/.vscode/extensions/augment.vscode-augment-0.509.1/common-webviews/assets/async-messaging-CsT0vcQC.js:1:948
async-messaging-CsT0vcQC.js:1 Uncaught (in promise) MessageTimeout: Request timed out: get-remote-agent-status, id: 2100b89d-b08f-47c5-abaf-0b786b016180
    at https://file+.vscode-resource.vscode-cdn.net/Users/bleckwolf25/.vscode/extensions/augment.vscode-augment-0.509.1/common-webviews/assets/async-messaging-CsT0vcQC.js:1:948
async-messaging-CsT0vcQC.js:1 Uncaught (in promise) MessageTimeout: Request timed out: chat-mode-changed, id: 0eaa478e-f8e4-4d3f-b9b0-3bf361ca7223
    at https://file+.vscode-resource.vscode-cdn.net/Users/bleckwolf25/.vscode/extensions/augment.vscode-augment-0.509.1/common-webviews/assets/async-messaging-CsT0vcQC.js:1:948
async-messaging-CsT0vcQC.js:1 Uncaught (in promise) MessageTimeout: Request timed out: chat-mode-changed, id: 0b3925e7-0142-406f-b96b-6290bdd1f566
    at https://file+.vscode-resource.vscode-cdn.net/Users/bleckwolf25/.vscode/extensions/augment.vscode-augment-0.509.1/common-webviews/assets/async-messaging-CsT0vcQC.js:1:948
async-messaging-CsT0vcQC.js:1 Uncaught (in promise) MessageTimeout: Request timed out: agent-set-current-conversation, id: fa73f704-92e1-4dbf-8345-c324dffb4d57
    at https://file+.vscode-resource.vscode-cdn.net/Users/bleckwolf25/.vscode/extensions/augment.vscode-augment-0.509.1/common-webviews/assets/async-messaging-CsT0vcQC.js:1:948
async-messaging-CsT0vcQC.js:1 Uncaught (in promise) MessageTimeout: Request timed out: set-current-root-task-uuid, id: a2a88c30-5889-4bee-9117-748df6ab0cad
    at https://file+.vscode-resource.vscode-cdn.net/Users/bleckwolf25/.vscode/extensions/augment.vscode-augment-0.509.1/common-webviews/assets/async-messaging-CsT0vcQC.js:1:948
log.ts:460   ERR [Extension Host] (node:35236) ExperimentalWarning: SQLite is an experimental feature and might change at any time
(Use `Code Helper (Plugin) --trace-warnings ...` to show where the warning was created)
error @ log.ts:460
console.ts:137 [Extension Host] (node:35236) ExperimentalWarning: SQLite is an experimental feature and might change at any time
(Use `Code Helper (Plugin) --trace-warnings ...` to show where the warning was created)
Tds @ console.ts:137
log.ts:460   ERR [Extension Host] (node:35236) [DEP0040] DeprecationWarning: The `punycode` module is deprecated. Please use a userland alternative instead.
error @ log.ts:460
console.ts:137 [Extension Host] (node:35236) [DEP0040] DeprecationWarning: The `punycode` module is deprecated. Please use a userland alternative instead.
Tds @ console.ts:137
console.ts:137 [Extension Host] 🔵 Code Pulse ACTIVATING
console.ts:137 [Extension Host] Gemini CodeAssist version 2.42.0
console.ts:137 [Extension Host] Failed to update configuration key websocket: CodeExpectedError: Unable to write to User Settings because productivityDashboard.websocket is not a registered configuration.
    at uyt.z (vscode-file://vscode-app/Applications/Visual%20Studio%20Code.app/Contents/Resources/app/out/vs/workbench/workbench.desktop.main.js:3360:6793)
    at uyt.F (vscode-file://vscode-app/Applications/Visual%20Studio%20Code.app/Contents/Resources/app/out/vs/workbench/workbench.desktop.main.js:3360:9281)
    at uyt.o (vscode-file://vscode-app/Applications/Visual%20Studio%20Code.app/Contents/Resources/app/out/vs/workbench/workbench.desktop.main.js:3360:3874)
    at Object.factory (vscode-file://vscode-app/Applications/Visual%20Studio%20Code.app/Contents/Resources/app/out/vs/workbench/workbench.desktop.main.js:3360:3774)
    at Sv.j (vscode-file://vscode-app/Applications/Visual%20Studio%20Code.app/Contents/Resources/app/out/vs/workbench/workbench.desktop.main.js:30:75430)
    at vscode-file://vscode-app/Applications/Visual%20Studio%20Code.app/Contents/Resources/app/out/vs/workbench/workbench.desktop.main.js:30:75342
    at new Promise (<anonymous>)
    at Sv.queue (vscode-file://vscode-app/Applications/Visual%20Studio%20Code.app/Contents/Resources/app/out/vs/workbench/workbench.desktop.main.js:30:75284)
    at uyt.writeConfiguration (vscode-file://vscode-app/Applications/Visual%20Studio%20Code.app/Contents/Resources/app/out/vs/workbench/workbench.desktop.main.js:3360:3743)
    at Arn.Hb (vscode-file://vscode-app/Applications/Visual%20Studio%20Code.app/Contents/Resources/app/out/vs/workbench/workbench.desktop.main.js:3360:42739)
Tds @ console.ts:137
console.ts:137 [Extension Host] Failed to update configuration key analytics: CodeExpectedError: Unable to write to User Settings because productivityDashboard.analytics is not a registered configuration.
    at uyt.z (vscode-file://vscode-app/Applications/Visual%20Studio%20Code.app/Contents/Resources/app/out/vs/workbench/workbench.desktop.main.js:3360:6793)
    at uyt.F (vscode-file://vscode-app/Applications/Visual%20Studio%20Code.app/Contents/Resources/app/out/vs/workbench/workbench.desktop.main.js:3360:9281)
    at uyt.o (vscode-file://vscode-app/Applications/Visual%20Studio%20Code.app/Contents/Resources/app/out/vs/workbench/workbench.desktop.main.js:3360:3874)
    at Object.factory (vscode-file://vscode-app/Applications/Visual%20Studio%20Code.app/Contents/Resources/app/out/vs/workbench/workbench.desktop.main.js:3360:3774)
    at Sv.j (vscode-file://vscode-app/Applications/Visual%20Studio%20Code.app/Contents/Resources/app/out/vs/workbench/workbench.desktop.main.js:30:75430)
    at vscode-file://vscode-app/Applications/Visual%20Studio%20Code.app/Contents/Resources/app/out/vs/workbench/workbench.desktop.main.js:30:75342
    at new Promise (<anonymous>)
    at Sv.queue (vscode-file://vscode-app/Applications/Visual%20Studio%20Code.app/Contents/Resources/app/out/vs/workbench/workbench.desktop.main.js:30:75284)
    at uyt.writeConfiguration (vscode-file://vscode-app/Applications/Visual%20Studio%20Code.app/Contents/Resources/app/out/vs/workbench/workbench.desktop.main.js:3360:3743)
    at Arn.Hb (vscode-file://vscode-app/Applications/Visual%20Studio%20Code.app/Contents/Resources/app/out/vs/workbench/workbench.desktop.main.js:3360:42739)
Tds @ console.ts:137
TMScopeRegistry.ts:46 Overwriting grammar scope name to file mapping for scope source.js.jsx.
Old grammar file: file:///Applications/Visual%20Studio%20Code.app/Contents/Resources/app/extensions/javascript/syntaxes/JavaScriptReact.tmLanguage.json.
New grammar file: file:///Users/bleckwolf25/.vscode/extensions/ms-vscode.vscode-typescript-next-5.9.20250723/syntaxes/JavaScriptReact.tmLanguage.json
register @ TMScopeRegistry.ts:46
TMScopeRegistry.ts:46 Overwriting grammar scope name to file mapping for scope source.js.
Old grammar file: file:///Applications/Visual%20Studio%20Code.app/Contents/Resources/app/extensions/javascript/syntaxes/JavaScript.tmLanguage.json.
New grammar file: file:///Users/bleckwolf25/.vscode/extensions/ms-vscode.vscode-typescript-next-5.9.20250723/syntaxes/JavaScript.tmLanguage.json
register @ TMScopeRegistry.ts:46
TMScopeRegistry.ts:46 Overwriting grammar scope name to file mapping for scope source.ts.
Old grammar file: file:///Applications/Visual%20Studio%20Code.app/Contents/Resources/app/extensions/typescript-basics/syntaxes/TypeScript.tmLanguage.json.
New grammar file: file:///Users/bleckwolf25/.vscode/extensions/ms-vscode.vscode-typescript-next-5.9.20250723/syntaxes/TypeScript.tmLanguage.json
register @ TMScopeRegistry.ts:46
TMScopeRegistry.ts:46 Overwriting grammar scope name to file mapping for scope source.tsx.
Old grammar file: file:///Applications/Visual%20Studio%20Code.app/Contents/Resources/app/extensions/typescript-basics/syntaxes/TypeScriptReact.tmLanguage.json.
New grammar file: file:///Users/bleckwolf25/.vscode/extensions/ms-vscode.vscode-typescript-next-5.9.20250723/syntaxes/TypeScriptReact.tmLanguage.json
register @ TMScopeRegistry.ts:46
TMScopeRegistry.ts:46 Overwriting grammar scope name to file mapping for scope source.js.jsx.
Old grammar file: file:///Applications/Visual%20Studio%20Code.app/Contents/Resources/app/extensions/javascript/syntaxes/JavaScriptReact.tmLanguage.json.
New grammar file: file:///Users/bleckwolf25/.vscode/extensions/ms-vscode.vscode-typescript-next-5.9.20250723/syntaxes/JavaScriptReact.tmLanguage.json
register @ TMScopeRegistry.ts:46
TMScopeRegistry.ts:46 Overwriting grammar scope name to file mapping for scope source.js.
Old grammar file: file:///Applications/Visual%20Studio%20Code.app/Contents/Resources/app/extensions/javascript/syntaxes/JavaScript.tmLanguage.json.
New grammar file: file:///Users/bleckwolf25/.vscode/extensions/ms-vscode.vscode-typescript-next-5.9.20250723/syntaxes/JavaScript.tmLanguage.json
register @ TMScopeRegistry.ts:46
TMScopeRegistry.ts:46 Overwriting grammar scope name to file mapping for scope source.ts.
Old grammar file: file:///Applications/Visual%20Studio%20Code.app/Contents/Resources/app/extensions/typescript-basics/syntaxes/TypeScript.tmLanguage.json.
New grammar file: file:///Users/bleckwolf25/.vscode/extensions/ms-vscode.vscode-typescript-next-5.9.20250723/syntaxes/TypeScript.tmLanguage.json
register @ TMScopeRegistry.ts:46
TMScopeRegistry.ts:46 Overwriting grammar scope name to file mapping for scope source.tsx.
Old grammar file: file:///Applications/Visual%20Studio%20Code.app/Contents/Resources/app/extensions/typescript-basics/syntaxes/TypeScriptReact.tmLanguage.json.
New grammar file: file:///Users/bleckwolf25/.vscode/extensions/ms-vscode.vscode-typescript-next-5.9.20250723/syntaxes/TypeScriptReact.tmLanguage.json
register @ TMScopeRegistry.ts:46
console.ts:137 [Extension Host] TypeError: Cannot read properties of undefined (reading 'document')
    at codeCoverage.updateDecorationByFile (/Users/bleckwolf25/.vscode/extensions/maty.vscode-mocha-sidebar-0.22.2/lib/coverage/code-coverage.js:49:57)
    at codeCoverage.toggleCoverage (/Users/bleckwolf25/.vscode/extensions/maty.vscode-mocha-sidebar-0.22.2/lib/coverage/code-coverage.js:172:12)
    at codeCoverage.run (/Users/bleckwolf25/.vscode/extensions/maty.vscode-mocha-sidebar-0.22.2/lib/coverage/code-coverage.js:229:16)
log.ts:460   ERR [Extension Host] Failed to start remote agent overviews stream: Error: This operation was aborted
    at e.transientIssue (/Users/bleckwolf25/.vscode/extensions/augment.vscode-augment-0.509.1/out/extension.js:399:21726)
    at VH.callApiStream (/Users/bleckwolf25/.vscode/extensions/augment.vscode-augment-0.509.1/out/extension.js:637:4279)
    at VH.callApiStream (/Users/bleckwolf25/.vscode/extensions/augment.vscode-augment-0.509.1/out/extension.js:641:57628)
    at VH.getRemoteAgentOverviewsStream (/Users/bleckwolf25/.vscode/extensions/augment.vscode-augment-0.509.1/out/extension.js:641:23522)
    at e.handleRemoteAgentOverviewsStreamRequest (/Users/bleckwolf25/.vscode/extensions/augment.vscode-augment-0.509.1/out/extension.js:1956:22483)
    at /Users/bleckwolf25/.vscode/extensions/augment.vscode-augment-0.509.1/out/extension.js:644:5064
error @ log.ts:460
error @ log.ts:565
error @ logService.ts:51
Rds @ remoteConsoleUtil.ts:58
$logExtensionHostMessage @ mainThreadConsole.ts:38
S @ rpcProtocol.ts:458
Q @ rpcProtocol.ts:443
M @ rpcProtocol.ts:373
L @ rpcProtocol.ts:299
(anonymous) @ rpcProtocol.ts:161
C @ event.ts:1219
fire @ event.ts:1250
fire @ ipc.net.ts:652
l.onmessage @ localProcessExtensionHost.ts:382
console.ts:137 [Extension Host] Failed to start remote agent overviews stream: Error: This operation was aborted
    at e.transientIssue (/Users/bleckwolf25/.vscode/extensions/augment.vscode-augment-0.509.1/out/extension.js:399:21726)
    at VH.callApiStream (/Users/bleckwolf25/.vscode/extensions/augment.vscode-augment-0.509.1/out/extension.js:637:4279)
    at VH.callApiStream (/Users/bleckwolf25/.vscode/extensions/augment.vscode-augment-0.509.1/out/extension.js:641:57628)
    at VH.getRemoteAgentOverviewsStream (/Users/bleckwolf25/.vscode/extensions/augment.vscode-augment-0.509.1/out/extension.js:641:23522)
    at e.handleRemoteAgentOverviewsStreamRequest (/Users/bleckwolf25/.vscode/extensions/augment.vscode-augment-0.509.1/out/extension.js:1956:22483)
    at /Users/bleckwolf25/.vscode/extensions/augment.vscode-augment-0.509.1/out/extension.js:644:5064
Tds @ console.ts:137
$logExtensionHostMessage @ mainThreadConsole.ts:39
S @ rpcProtocol.ts:458
Q @ rpcProtocol.ts:443
M @ rpcProtocol.ts:373
L @ rpcProtocol.ts:299
(anonymous) @ rpcProtocol.ts:161
C @ event.ts:1219
fire @ event.ts:1250
fire @ ipc.net.ts:652
l.onmessage @ localProcessExtensionHost.ts:382
console.ts:137 [Extension Host] Failed to update configuration key dashboard: CodeExpectedError: Unable to write to User Settings because productivityDashboard.dashboard is not a registered configuration.
    at uyt.z (vscode-file://vscode-app/Applications/Visual%20Studio%20Code.app/Contents/Resources/app/out/vs/workbench/workbench.desktop.main.js:3360:6793)
    at uyt.F (vscode-file://vscode-app/Applications/Visual%20Studio%20Code.app/Contents/Resources/app/out/vs/workbench/workbench.desktop.main.js:3360:9281)
    at uyt.o (vscode-file://vscode-app/Applications/Visual%20Studio%20Code.app/Contents/Resources/app/out/vs/workbench/workbench.desktop.main.js:3360:3874)
    at Object.factory (vscode-file://vscode-app/Applications/Visual%20Studio%20Code.app/Contents/Resources/app/out/vs/workbench/workbench.desktop.main.js:3360:3774)
    at Sv.j (vscode-file://vscode-app/Applications/Visual%20Studio%20Code.app/Contents/Resources/app/out/vs/workbench/workbench.desktop.main.js:30:75430)
    at vscode-file://vscode-app/Applications/Visual%20Studio%20Code.app/Contents/Resources/app/out/vs/workbench/workbench.desktop.main.js:30:75342
    at new Promise (<anonymous>)
    at Sv.queue (vscode-file://vscode-app/Applications/Visual%20Studio%20Code.app/Contents/Resources/app/out/vs/workbench/workbench.desktop.main.js:30:75284)
    at uyt.writeConfiguration (vscode-file://vscode-app/Applications/Visual%20Studio%20Code.app/Contents/Resources/app/out/vs/workbench/workbench.desktop.main.js:3360:3743)
    at Arn.Hb (vscode-file://vscode-app/Applications/Visual%20Studio%20Code.app/Contents/Resources/app/out/vs/workbench/workbench.desktop.main.js:3360:42739)
Tds @ console.ts:137
$logExtensionHostMessage @ mainThreadConsole.ts:39
S @ rpcProtocol.ts:458
Q @ rpcProtocol.ts:443
M @ rpcProtocol.ts:373
L @ rpcProtocol.ts:299
(anonymous) @ rpcProtocol.ts:161
C @ event.ts:1219
fire @ event.ts:1250
fire @ ipc.net.ts:652
l.onmessage @ localProcessExtensionHost.ts:382
console.ts:137 [Extension Host] Failed to update configuration key reporting: CodeExpectedError: Unable to write to User Settings because productivityDashboard.reporting is not a registered configuration.
    at uyt.z (vscode-file://vscode-app/Applications/Visual%20Studio%20Code.app/Contents/Resources/app/out/vs/workbench/workbench.desktop.main.js:3360:6793)
    at uyt.F (vscode-file://vscode-app/Applications/Visual%20Studio%20Code.app/Contents/Resources/app/out/vs/workbench/workbench.desktop.main.js:3360:9281)
    at uyt.o (vscode-file://vscode-app/Applications/Visual%20Studio%20Code.app/Contents/Resources/app/out/vs/workbench/workbench.desktop.main.js:3360:3874)
    at Object.factory (vscode-file://vscode-app/Applications/Visual%20Studio%20Code.app/Contents/Resources/app/out/vs/workbench/workbench.desktop.main.js:3360:3774)
    at Sv.j (vscode-file://vscode-app/Applications/Visual%20Studio%20Code.app/Contents/Resources/app/out/vs/workbench/workbench.desktop.main.js:30:75430)
    at vscode-file://vscode-app/Applications/Visual%20Studio%20Code.app/Contents/Resources/app/out/vs/workbench/workbench.desktop.main.js:30:75342
    at new Promise (<anonymous>)
    at Sv.queue (vscode-file://vscode-app/Applications/Visual%20Studio%20Code.app/Contents/Resources/app/out/vs/workbench/workbench.desktop.main.js:30:75284)
    at uyt.writeConfiguration (vscode-file://vscode-app/Applications/Visual%20Studio%20Code.app/Contents/Resources/app/out/vs/workbench/workbench.desktop.main.js:3360:3743)
    at Arn.Hb (vscode-file://vscode-app/Applications/Visual%20Studio%20Code.app/Contents/Resources/app/out/vs/workbench/workbench.desktop.main.js:3360:42739)
Tds @ console.ts:137
$logExtensionHostMessage @ mainThreadConsole.ts:39
S @ rpcProtocol.ts:458
Q @ rpcProtocol.ts:443
M @ rpcProtocol.ts:373
L @ rpcProtocol.ts:299
(anonymous) @ rpcProtocol.ts:161
C @ event.ts:1219
fire @ event.ts:1250
fire @ ipc.net.ts:652
l.onmessage @ localProcessExtensionHost.ts:382
log.ts:460   ERR [Extension Host] Configuration initialization failed: CodeExpectedError: Unable to write to User Settings because productivityDashboard.configVersion is not a registered configuration.
    at uyt.z (vscode-file://vscode-app/Applications/Visual%20Studio%20Code.app/Contents/Resources/app/out/vs/workbench/workbench.desktop.main.js:3360:6793)
    at uyt.F (vscode-file://vscode-app/Applications/Visual%20Studio%20Code.app/Contents/Resources/app/out/vs/workbench/workbench.desktop.main.js:3360:9281)
    at uyt.o (vscode-file://vscode-app/Applications/Visual%20Studio%20Code.app/Contents/Resources/app/out/vs/workbench/workbench.desktop.main.js:3360:3874)
    at Object.factory (vscode-file://vscode-app/Applications/Visual%20Studio%20Code.app/Contents/Resources/app/out/vs/workbench/workbench.desktop.main.js:3360:3774)
    at Sv.j (vscode-file://vscode-app/Applications/Visual%20Studio%20Code.app/Contents/Resources/app/out/vs/workbench/workbench.desktop.main.js:30:75430)
    at vscode-file://vscode-app/Applications/Visual%20Studio%20Code.app/Contents/Resources/app/out/vs/workbench/workbench.desktop.main.js:30:75342
    at new Promise (<anonymous>)
    at Sv.queue (vscode-file://vscode-app/Applications/Visual%20Studio%20Code.app/Contents/Resources/app/out/vs/workbench/workbench.desktop.main.js:30:75284)
    at uyt.writeConfiguration (vscode-file://vscode-app/Applications/Visual%20Studio%20Code.app/Contents/Resources/app/out/vs/workbench/workbench.desktop.main.js:3360:3743)
    at Arn.Hb (vscode-file://vscode-app/Applications/Visual%20Studio%20Code.app/Contents/Resources/app/out/vs/workbench/workbench.desktop.main.js:3360:42739)
error @ log.ts:460
error @ log.ts:565
error @ logService.ts:51
Rds @ remoteConsoleUtil.ts:58
$logExtensionHostMessage @ mainThreadConsole.ts:38
S @ rpcProtocol.ts:458
Q @ rpcProtocol.ts:443
M @ rpcProtocol.ts:373
L @ rpcProtocol.ts:299
(anonymous) @ rpcProtocol.ts:161
C @ event.ts:1219
fire @ event.ts:1250
fire @ ipc.net.ts:652
l.onmessage @ localProcessExtensionHost.ts:382
console.ts:137 [Extension Host] Configuration initialization failed: CodeExpectedError: Unable to write to User Settings because productivityDashboard.configVersion is not a registered configuration.
    at uyt.z (vscode-file://vscode-app/Applications/Visual%20Studio%20Code.app/Contents/Resources/app/out/vs/workbench/workbench.desktop.main.js:3360:6793)
    at uyt.F (vscode-file://vscode-app/Applications/Visual%20Studio%20Code.app/Contents/Resources/app/out/vs/workbench/workbench.desktop.main.js:3360:9281)
    at uyt.o (vscode-file://vscode-app/Applications/Visual%20Studio%20Code.app/Contents/Resources/app/out/vs/workbench/workbench.desktop.main.js:3360:3874)
    at Object.factory (vscode-file://vscode-app/Applications/Visual%20Studio%20Code.app/Contents/Resources/app/out/vs/workbench/workbench.desktop.main.js:3360:3774)
    at Sv.j (vscode-file://vscode-app/Applications/Visual%20Studio%20Code.app/Contents/Resources/app/out/vs/workbench/workbench.desktop.main.js:30:75430)
    at vscode-file://vscode-app/Applications/Visual%20Studio%20Code.app/Contents/Resources/app/out/vs/workbench/workbench.desktop.main.js:30:75342
    at new Promise (<anonymous>)
    at Sv.queue (vscode-file://vscode-app/Applications/Visual%20Studio%20Code.app/Contents/Resources/app/out/vs/workbench/workbench.desktop.main.js:30:75284)
    at uyt.writeConfiguration (vscode-file://vscode-app/Applications/Visual%20Studio%20Code.app/Contents/Resources/app/out/vs/workbench/workbench.desktop.main.js:3360:3743)
    at Arn.Hb (vscode-file://vscode-app/Applications/Visual%20Studio%20Code.app/Contents/Resources/app/out/vs/workbench/workbench.desktop.main.js:3360:42739)
Tds @ console.ts:137
$logExtensionHostMessage @ mainThreadConsole.ts:39
S @ rpcProtocol.ts:458
Q @ rpcProtocol.ts:443
M @ rpcProtocol.ts:373
L @ rpcProtocol.ts:299
(anonymous) @ rpcProtocol.ts:161
C @ event.ts:1219
fire @ event.ts:1250
fire @ ipc.net.ts:652
l.onmessage @ localProcessExtensionHost.ts:382
console.ts:137 [Extension Host] 🟢 Code Pulse ACTIVATED in 0.16ms
console.ts:137 [Extension Host] Client experimentation flags:  {enableQuickpickChat: true, enableAdminTelemetryBlock: false, enableGenerationPaneView: false, enableCloudCodeTelemetry: true, enableAgentBoard: false, …}
console.ts:137 [Extension Host] Activating plugin Gemini Code Assist
console.ts:137 [Extension Host] Activating plugin Code Documentation
console.ts:137 [Extension Host] Done activating plugin Code Documentation, took 0.6114580000003116ms
console.ts:137 [Extension Host] [vscode-icons] v12.13.0 activated!
log.ts:460   ERR [Extension Host] Failed to start WebSocket server: Error: WebSocket module not available
    at Ae.start (/Users/bleckwolf25/.vscode/extensions/bleckwolf25.code-pulse-2.0.0/dist/extension.js:694:9591)
    at Oe.start (/Users/bleckwolf25/.vscode/extensions/bleckwolf25.code-pulse-2.0.0/dist/extension.js:694:15680)
    at Oe.initialize (/Users/bleckwolf25/.vscode/extensions/bleckwolf25.code-pulse-2.0.0/dist/extension.js:694:15554)
    at Timeout._onTimeout (/Users/bleckwolf25/.vscode/extensions/bleckwolf25.code-pulse-2.0.0/dist/extension.js:1195:57118)
    at listOnTimeout (node:internal/timers:588:17)
    at processTimers (node:internal/timers:523:7)
error @ log.ts:460
error @ log.ts:565
error @ logService.ts:51
Rds @ remoteConsoleUtil.ts:58
$logExtensionHostMessage @ mainThreadConsole.ts:38
S @ rpcProtocol.ts:458
Q @ rpcProtocol.ts:443
M @ rpcProtocol.ts:373
L @ rpcProtocol.ts:299
(anonymous) @ rpcProtocol.ts:161
C @ event.ts:1219
fire @ event.ts:1250
fire @ ipc.net.ts:652
l.onmessage @ localProcessExtensionHost.ts:382
console.ts:137 [Extension Host] Failed to start WebSocket server: Error: WebSocket module not available
    at Ae.start (/Users/bleckwolf25/.vscode/extensions/bleckwolf25.code-pulse-2.0.0/dist/extension.js:694:9591)
    at Oe.start (/Users/bleckwolf25/.vscode/extensions/bleckwolf25.code-pulse-2.0.0/dist/extension.js:694:15680)
    at Oe.initialize (/Users/bleckwolf25/.vscode/extensions/bleckwolf25.code-pulse-2.0.0/dist/extension.js:694:15554)
    at Timeout._onTimeout (/Users/bleckwolf25/.vscode/extensions/bleckwolf25.code-pulse-2.0.0/dist/extension.js:1195:57118)
    at listOnTimeout (node:internal/timers:588:17)
    at processTimers (node:internal/timers:523:7)
Tds @ console.ts:137
$logExtensionHostMessage @ mainThreadConsole.ts:39
S @ rpcProtocol.ts:458
Q @ rpcProtocol.ts:443
M @ rpcProtocol.ts:373
L @ rpcProtocol.ts:299
(anonymous) @ rpcProtocol.ts:161
C @ event.ts:1219
fire @ event.ts:1250
fire @ ipc.net.ts:652
l.onmessage @ localProcessExtensionHost.ts:382
log.ts:460   ERR [Extension Host] Failed to start WebSocket server: Error: WebSocket module not available
    at Ae.start (/Users/bleckwolf25/.vscode/extensions/bleckwolf25.code-pulse-2.0.0/dist/extension.js:694:9591)
    at Oe.start (/Users/bleckwolf25/.vscode/extensions/bleckwolf25.code-pulse-2.0.0/dist/extension.js:694:15680)
    at Oe.initialize (/Users/bleckwolf25/.vscode/extensions/bleckwolf25.code-pulse-2.0.0/dist/extension.js:694:15554)
    at Timeout._onTimeout (/Users/bleckwolf25/.vscode/extensions/bleckwolf25.code-pulse-2.0.0/dist/extension.js:1195:57118)
    at listOnTimeout (node:internal/timers:588:17)
    at processTimers (node:internal/timers:523:7)
error @ log.ts:460
error @ log.ts:565
error @ logService.ts:51
Rds @ remoteConsoleUtil.ts:58
$logExtensionHostMessage @ mainThreadConsole.ts:38
S @ rpcProtocol.ts:458
Q @ rpcProtocol.ts:443
M @ rpcProtocol.ts:373
L @ rpcProtocol.ts:299
(anonymous) @ rpcProtocol.ts:161
C @ event.ts:1219
fire @ event.ts:1250
fire @ ipc.net.ts:652
l.onmessage @ localProcessExtensionHost.ts:382
console.ts:137 [Extension Host] Failed to start WebSocket server: Error: WebSocket module not available
    at Ae.start (/Users/bleckwolf25/.vscode/extensions/bleckwolf25.code-pulse-2.0.0/dist/extension.js:694:9591)
    at Oe.start (/Users/bleckwolf25/.vscode/extensions/bleckwolf25.code-pulse-2.0.0/dist/extension.js:694:15680)
    at Oe.initialize (/Users/bleckwolf25/.vscode/extensions/bleckwolf25.code-pulse-2.0.0/dist/extension.js:694:15554)
    at Timeout._onTimeout (/Users/bleckwolf25/.vscode/extensions/bleckwolf25.code-pulse-2.0.0/dist/extension.js:1195:57118)
    at listOnTimeout (node:internal/timers:588:17)
    at processTimers (node:internal/timers:523:7)
Tds @ console.ts:137
$logExtensionHostMessage @ mainThreadConsole.ts:39
S @ rpcProtocol.ts:458
Q @ rpcProtocol.ts:443
M @ rpcProtocol.ts:373
L @ rpcProtocol.ts:299
(anonymous) @ rpcProtocol.ts:161
C @ event.ts:1219
fire @ event.ts:1250
fire @ ipc.net.ts:652
l.onmessage @ localProcessExtensionHost.ts:382
console.ts:137 [Extension Host] Get to https://cloudcode-pa.googleapis.com/v1internal:loadCodeAssist response: {"allowedTiers":[{"id":"standard-tier","name":"Gemini Code Assist","description":"Unlimited coding assistant with the most powerful Gemini models","userDefinedCloudaicompanionProject":true,"privacyNotice":{},"isDefault":true}],"cloudaicompanionProject":"crescerfeliz-192e0","ineligibleTiers":[{"reasonCode":"RESTRICTED_AGE","reasonMessage":"Your current account is currently not eligible for Gemini Code Assist for individuals, the free version of Gemini Code Assist.","tierId":"free-tier","tierName":"Gemini Code Assist for individuals"}],"gcpManaged":true}, headers: {"x-cloudaicompanion-trace-id":["d94d26aec0f1a450"],"content-type":["application/json; charset=UTF-8"],"vary":["Origin, X-Origin, Referer"],"content-encoding":["gzip"],"date":["Thu, 24 Jul 2025 23:37:59 GMT"],"server":["ESF"],"x-xss-protection":["0"],"x-frame-options":["SAMEORIGIN"],"x-content-type-options":["nosniff"],"server-timing":["gfet5t7;dur=177, gfet4t7; dur=328"],"alt-svc":["h3=\":443\"; ma=2592000,h3-29=\":443\"; ma=2592000"],"connection":["close"],"transfer-encoding":["chunked"]}
console.ts:137 [Extension Host] LoadCodeAssistResponse: {"allowedTiers":[{"id":"standard-tier","name":"Gemini Code Assist","description":"Unlimited coding assistant with the most powerful Gemini models","userDefinedCloudaicompanionProject":true,"privacyNotice":{},"isDefault":true}],"cloudaicompanionProject":"crescerfeliz-192e0","ineligibleTiers":[{"reasonCode":"RESTRICTED_AGE","reasonMessage":"Your current account is currently not eligible for Gemini Code Assist for individuals, the free version of Gemini Code Assist.","tierId":"free-tier","tierName":"Gemini Code Assist for individuals"}],"gcpManaged":true}
console.ts:137 [Extension Host] Get to https://cloudcode-pa.googleapis.com/v1internal:onboardUser response: {"done":true,"response":{"@type":"type.googleapis.com/google.internal.cloud.code.v1internal.OnboardUserResponse","cloudaicompanionProject":{"id":"crescerfeliz-192e0"},"status":{"statusCode":"WARNING","displayMessage":"You are missing a valid license for Gemini Code Assist. Please contact your billing administrator to purchase or assign a license.","helpLink":{"description":"Learn more","url":"https://cloud.google.com/gemini/docs/codeassist/request-license"},"messageTitle":"Subscription needed for Gemini Code Assist"}}}, headers: {"x-cloudaicompanion-trace-id":["5377d6ab66f0b1af"],"content-type":["application/json; charset=UTF-8"],"vary":["Origin, X-Origin, Referer"],"content-encoding":["gzip"],"date":["Thu, 24 Jul 2025 23:38:00 GMT"],"server":["ESF"],"x-xss-protection":["0"],"x-frame-options":["SAMEORIGIN"],"x-content-type-options":["nosniff"],"server-timing":["gfet5t7;dur=347, gfet4t7; dur=512"],"alt-svc":["h3=\":443\"; ma=2592000,h3-29=\":443\"; ma=2592000"],"connection":["close"],"transfer-encoding":["chunked"]}
console.ts:137 [Extension Host] OnboardUserResponse: {"done":true,"response":{"@type":"type.googleapis.com/google.internal.cloud.code.v1internal.OnboardUserResponse","cloudaicompanionProject":{"id":"crescerfeliz-192e0"},"status":{"statusCode":"WARNING","displayMessage":"You are missing a valid license for Gemini Code Assist. Please contact your billing administrator to purchase or assign a license.","helpLink":{"description":"Learn more","url":"https://cloud.google.com/gemini/docs/codeassist/request-license"},"messageTitle":"Subscription needed for Gemini Code Assist"}}}
console.ts:137 [Extension Host] Updating onboarded user status to {"statusCode":"WARNING","displayMessage":"You are missing a valid license for Gemini Code Assist. Please contact your billing administrator to purchase or assign a license.","helpLink":{"description":"Learn more","url":"https://cloud.google.com/gemini/docs/codeassist/request-license"},"messageTitle":"Subscription needed for Gemini Code Assist"}
console.ts:137 [Extension Host] Checking language server extraction from /Users/bleckwolf25/.vscode/extensions/google.geminicodeassist-2.42.0/cloudcode_cli.zip - darwin_arm64/cloudcode_cli
console.ts:137 [Extension Host] Using existing /Users/bleckwolf25/Library/Application Support/cloud-code/cloudcode_cli/cloudcode_cli/b21ff10/cloudcode_cli)
console.ts:137 [Extension Host] Created the Gemini Code Assist completion provider
console.ts:137 [Extension Host] Client experimentation flags:  {enableQuickpickChat: true, enableAdminTelemetryBlock: false, enableGenerationPaneView: false, enableCloudCodeTelemetry: true, enableAgentBoard: false, …}
console.ts:137 [Extension Host] Returning onboarded user response from cache {"done":true,"response":{"@type":"type.googleapis.com/google.internal.cloud.code.v1internal.OnboardUserResponse","cloudaicompanionProject":{"id":"crescerfeliz-192e0"},"status":{"statusCode":"WARNING","displayMessage":"You are missing a valid license for Gemini Code Assist. Please contact your billing administrator to purchase or assign a license.","helpLink":{"description":"Learn more","url":"https://cloud.google.com/gemini/docs/codeassist/request-license"},"messageTitle":"Subscription needed for Gemini Code Assist"}}}
console.ts:137 [Extension Host] Client experimentation flags:  {enableQuickpickChat: true, enableAdminTelemetryBlock: false, enableGenerationPaneView: false, enableCloudCodeTelemetry: true, enableAgentBoard: false, …}
console.ts:137 [Extension Host] Returning onboarded user response from cache {"done":true,"response":{"@type":"type.googleapis.com/google.internal.cloud.code.v1internal.OnboardUserResponse","cloudaicompanionProject":{"id":"crescerfeliz-192e0"},"status":{"statusCode":"WARNING","displayMessage":"You are missing a valid license for Gemini Code Assist. Please contact your billing administrator to purchase or assign a license.","helpLink":{"description":"Learn more","url":"https://cloud.google.com/gemini/docs/codeassist/request-license"},"messageTitle":"Subscription needed for Gemini Code Assist"}}}
console.ts:137 [Extension Host] Done activating plugin Gemini Code Assist, took 7396.457584ms
log.ts:460   ERR [Extension Host] Error loading CSS file variables.css: Error: ENOENT: no such file or directory, open '/Users/bleckwolf25/.vscode/extensions/bleckwolf25.code-pulse-2.0.0/src/web/styles/variables.css'
    at Object.readFileSync (node:fs:443:20)
    at Object.t.readFileSync (node:electron/js2c/node_init:2:10960)
    at /Users/bleckwolf25/.vscode/extensions/bleckwolf25.code-pulse-2.0.0/dist/extension.js:331:487
    at Array.forEach (<anonymous>)
    at De.generateDashboardHTML (/Users/bleckwolf25/.vscode/extensions/bleckwolf25.code-pulse-2.0.0/dist/extension.js:331:402)
    at De.show (/Users/bleckwolf25/.vscode/extensions/bleckwolf25.code-pulse-2.0.0/dist/extension.js:322:3065)
    at /Users/bleckwolf25/.vscode/extensions/bleckwolf25.code-pulse-2.0.0/dist/extension.js:1195:55592
    at Ab.h (file:///Applications/Visual%20Studio%20Code.app/Contents/Resources/app/out/vs/workbench/api/node/extensionHostProcess.js:112:41572)
    at Ab.$executeContributedCommand (file:///Applications/Visual%20Studio%20Code.app/Contents/Resources/app/out/vs/workbench/api/node/extensionHostProcess.js:112:42463)
    at a4.S (file:///Applications/Visual%20Studio%20Code.app/Contents/Resources/app/out/vs/workbench/api/node/extensionHostProcess.js:29:117864)
    at a4.Q (file:///Applications/Visual%20Studio%20Code.app/Contents/Resources/app/out/vs/workbench/api/node/extensionHostProcess.js:29:117644)
    at a4.M (file:///Applications/Visual%20Studio%20Code.app/Contents/Resources/app/out/vs/workbench/api/node/extensionHostProcess.js:29:116733)
    at a4.L (file:///Applications/Visual%20Studio%20Code.app/Contents/Resources/app/out/vs/workbench/api/node/extensionHostProcess.js:29:115838)
    at Gh.value (file:///Applications/Visual%20Studio%20Code.app/Contents/Resources/app/out/vs/workbench/api/node/extensionHostProcess.js:29:114635)
    at $.C (file:///Applications/Visual%20Studio%20Code.app/Contents/Resources/app/out/vs/workbench/api/node/extensionHostProcess.js:27:2375)
    at $.fire (file:///Applications/Visual%20Studio%20Code.app/Contents/Resources/app/out/vs/workbench/api/node/extensionHostProcess.js:27:2593)
    at ao.fire (file:///Applications/Visual%20Studio%20Code.app/Contents/Resources/app/out/vs/workbench/api/node/extensionHostProcess.js:29:9459)
    at Gh.value (file:///Applications/Visual%20Studio%20Code.app/Contents/Resources/app/out/vs/workbench/api/node/extensionHostProcess.js:356:8152)
    at $.C (file:///Applications/Visual%20Studio%20Code.app/Contents/Resources/app/out/vs/workbench/api/node/extensionHostProcess.js:27:2375)
    at $.fire (file:///Applications/Visual%20Studio%20Code.app/Contents/Resources/app/out/vs/workbench/api/node/extensionHostProcess.js:27:2593)
    at ao.fire (file:///Applications/Visual%20Studio%20Code.app/Contents/Resources/app/out/vs/workbench/api/node/extensionHostProcess.js:29:9459)
    at MessagePortMain.<anonymous> (file:///Applications/Visual%20Studio%20Code.app/Contents/Resources/app/out/vs/workbench/api/node/extensionHostProcess.js:356:6444)
    at MessagePortMain.emit (node:events:518:28)
    at MessagePortMain.emit (node:domain:489:12)
    at Object.MessagePortMain._internalPort.emit (node:electron/js2c/utility_init:2:3073)
error @ log.ts:460
error @ log.ts:565
error @ logService.ts:51
Rds @ remoteConsoleUtil.ts:58
$logExtensionHostMessage @ mainThreadConsole.ts:38
S @ rpcProtocol.ts:458
Q @ rpcProtocol.ts:443
M @ rpcProtocol.ts:373
L @ rpcProtocol.ts:299
(anonymous) @ rpcProtocol.ts:161
C @ event.ts:1219
fire @ event.ts:1250
fire @ ipc.net.ts:652
l.onmessage @ localProcessExtensionHost.ts:382
console.ts:137 [Extension Host] Error loading CSS file variables.css: Error: ENOENT: no such file or directory, open '/Users/bleckwolf25/.vscode/extensions/bleckwolf25.code-pulse-2.0.0/src/web/styles/variables.css'
    at Object.readFileSync (node:fs:443:20)
    at Object.t.readFileSync (node:electron/js2c/node_init:2:10960)
    at /Users/bleckwolf25/.vscode/extensions/bleckwolf25.code-pulse-2.0.0/dist/extension.js:331:487
    at Array.forEach (<anonymous>)
    at De.generateDashboardHTML (/Users/bleckwolf25/.vscode/extensions/bleckwolf25.code-pulse-2.0.0/dist/extension.js:331:402)
    at De.show (/Users/bleckwolf25/.vscode/extensions/bleckwolf25.code-pulse-2.0.0/dist/extension.js:322:3065)
    at /Users/bleckwolf25/.vscode/extensions/bleckwolf25.code-pulse-2.0.0/dist/extension.js:1195:55592
    at Ab.h (file:///Applications/Visual%20Studio%20Code.app/Contents/Resources/app/out/vs/workbench/api/node/extensionHostProcess.js:112:41572)
    at Ab.$executeContributedCommand (file:///Applications/Visual%20Studio%20Code.app/Contents/Resources/app/out/vs/workbench/api/node/extensionHostProcess.js:112:42463)
    at a4.S (file:///Applications/Visual%20Studio%20Code.app/Contents/Resources/app/out/vs/workbench/api/node/extensionHostProcess.js:29:117864)
    at a4.Q (file:///Applications/Visual%20Studio%20Code.app/Contents/Resources/app/out/vs/workbench/api/node/extensionHostProcess.js:29:117644)
    at a4.M (file:///Applications/Visual%20Studio%20Code.app/Contents/Resources/app/out/vs/workbench/api/node/extensionHostProcess.js:29:116733)
    at a4.L (file:///Applications/Visual%20Studio%20Code.app/Contents/Resources/app/out/vs/workbench/api/node/extensionHostProcess.js:29:115838)
    at Gh.value (file:///Applications/Visual%20Studio%20Code.app/Contents/Resources/app/out/vs/workbench/api/node/extensionHostProcess.js:29:114635)
    at $.C (file:///Applications/Visual%20Studio%20Code.app/Contents/Resources/app/out/vs/workbench/api/node/extensionHostProcess.js:27:2375)
    at $.fire (file:///Applications/Visual%20Studio%20Code.app/Contents/Resources/app/out/vs/workbench/api/node/extensionHostProcess.js:27:2593)
    at ao.fire (file:///Applications/Visual%20Studio%20Code.app/Contents/Resources/app/out/vs/workbench/api/node/extensionHostProcess.js:29:9459)
    at Gh.value (file:///Applications/Visual%20Studio%20Code.app/Contents/Resources/app/out/vs/workbench/api/node/extensionHostProcess.js:356:8152)
    at $.C (file:///Applications/Visual%20Studio%20Code.app/Contents/Resources/app/out/vs/workbench/api/node/extensionHostProcess.js:27:2375)
    at $.fire (file:///Applications/Visual%20Studio%20Code.app/Contents/Resources/app/out/vs/workbench/api/node/extensionHostProcess.js:27:2593)
    at ao.fire (file:///Applications/Visual%20Studio%20Code.app/Contents/Resources/app/out/vs/workbench/api/node/extensionHostProcess.js:29:9459)
    at MessagePortMain.<anonymous> (file:///Applications/Visual%20Studio%20Code.app/Contents/Resources/app/out/vs/workbench/api/node/extensionHostProcess.js:356:6444)
    at MessagePortMain.emit (node:events:518:28)
    at MessagePortMain.emit (node:domain:489:12)
    at Object.MessagePortMain._internalPort.emit (node:electron/js2c/utility_init:2:3073)
Tds @ console.ts:137
$logExtensionHostMessage @ mainThreadConsole.ts:39
S @ rpcProtocol.ts:458
Q @ rpcProtocol.ts:443
M @ rpcProtocol.ts:373
L @ rpcProtocol.ts:299
(anonymous) @ rpcProtocol.ts:161
C @ event.ts:1219
fire @ event.ts:1250
fire @ ipc.net.ts:652
l.onmessage @ localProcessExtensionHost.ts:382
log.ts:460   ERR [Extension Host] Error loading CSS file base.css: Error: ENOENT: no such file or directory, open '/Users/bleckwolf25/.vscode/extensions/bleckwolf25.code-pulse-2.0.0/src/web/styles/base.css'
    at Object.readFileSync (node:fs:443:20)
    at Object.t.readFileSync (node:electron/js2c/node_init:2:10960)
    at /Users/bleckwolf25/.vscode/extensions/bleckwolf25.code-pulse-2.0.0/dist/extension.js:331:487
    at Array.forEach (<anonymous>)
    at De.generateDashboardHTML (/Users/bleckwolf25/.vscode/extensions/bleckwolf25.code-pulse-2.0.0/dist/extension.js:331:402)
    at De.show (/Users/bleckwolf25/.vscode/extensions/bleckwolf25.code-pulse-2.0.0/dist/extension.js:322:3065)
    at /Users/bleckwolf25/.vscode/extensions/bleckwolf25.code-pulse-2.0.0/dist/extension.js:1195:55592
    at Ab.h (file:///Applications/Visual%20Studio%20Code.app/Contents/Resources/app/out/vs/workbench/api/node/extensionHostProcess.js:112:41572)
    at Ab.$executeContributedCommand (file:///Applications/Visual%20Studio%20Code.app/Contents/Resources/app/out/vs/workbench/api/node/extensionHostProcess.js:112:42463)
    at a4.S (file:///Applications/Visual%20Studio%20Code.app/Contents/Resources/app/out/vs/workbench/api/node/extensionHostProcess.js:29:117864)
    at a4.Q (file:///Applications/Visual%20Studio%20Code.app/Contents/Resources/app/out/vs/workbench/api/node/extensionHostProcess.js:29:117644)
    at a4.M (file:///Applications/Visual%20Studio%20Code.app/Contents/Resources/app/out/vs/workbench/api/node/extensionHostProcess.js:29:116733)
    at a4.L (file:///Applications/Visual%20Studio%20Code.app/Contents/Resources/app/out/vs/workbench/api/node/extensionHostProcess.js:29:115838)
    at Gh.value (file:///Applications/Visual%20Studio%20Code.app/Contents/Resources/app/out/vs/workbench/api/node/extensionHostProcess.js:29:114635)
    at $.C (file:///Applications/Visual%20Studio%20Code.app/Contents/Resources/app/out/vs/workbench/api/node/extensionHostProcess.js:27:2375)
    at $.fire (file:///Applications/Visual%20Studio%20Code.app/Contents/Resources/app/out/vs/workbench/api/node/extensionHostProcess.js:27:2593)
    at ao.fire (file:///Applications/Visual%20Studio%20Code.app/Contents/Resources/app/out/vs/workbench/api/node/extensionHostProcess.js:29:9459)
    at Gh.value (file:///Applications/Visual%20Studio%20Code.app/Contents/Resources/app/out/vs/workbench/api/node/extensionHostProcess.js:356:8152)
    at $.C (file:///Applications/Visual%20Studio%20Code.app/Contents/Resources/app/out/vs/workbench/api/node/extensionHostProcess.js:27:2375)
    at $.fire (file:///Applications/Visual%20Studio%20Code.app/Contents/Resources/app/out/vs/workbench/api/node/extensionHostProcess.js:27:2593)
    at ao.fire (file:///Applications/Visual%20Studio%20Code.app/Contents/Resources/app/out/vs/workbench/api/node/extensionHostProcess.js:29:9459)
    at MessagePortMain.<anonymous> (file:///Applications/Visual%20Studio%20Code.app/Contents/Resources/app/out/vs/workbench/api/node/extensionHostProcess.js:356:6444)
    at MessagePortMain.emit (node:events:518:28)
    at MessagePortMain.emit (node:domain:489:12)
    at Object.MessagePortMain._internalPort.emit (node:electron/js2c/utility_init:2:3073)
error @ log.ts:460
error @ log.ts:565
error @ logService.ts:51
Rds @ remoteConsoleUtil.ts:58
$logExtensionHostMessage @ mainThreadConsole.ts:38
S @ rpcProtocol.ts:458
Q @ rpcProtocol.ts:443
M @ rpcProtocol.ts:373
L @ rpcProtocol.ts:299
(anonymous) @ rpcProtocol.ts:161
C @ event.ts:1219
fire @ event.ts:1250
fire @ ipc.net.ts:652
l.onmessage @ localProcessExtensionHost.ts:382
console.ts:137 [Extension Host] Error loading CSS file base.css: Error: ENOENT: no such file or directory, open '/Users/bleckwolf25/.vscode/extensions/bleckwolf25.code-pulse-2.0.0/src/web/styles/base.css'
    at Object.readFileSync (node:fs:443:20)
    at Object.t.readFileSync (node:electron/js2c/node_init:2:10960)
    at /Users/bleckwolf25/.vscode/extensions/bleckwolf25.code-pulse-2.0.0/dist/extension.js:331:487
    at Array.forEach (<anonymous>)
    at De.generateDashboardHTML (/Users/bleckwolf25/.vscode/extensions/bleckwolf25.code-pulse-2.0.0/dist/extension.js:331:402)
    at De.show (/Users/bleckwolf25/.vscode/extensions/bleckwolf25.code-pulse-2.0.0/dist/extension.js:322:3065)
    at /Users/bleckwolf25/.vscode/extensions/bleckwolf25.code-pulse-2.0.0/dist/extension.js:1195:55592
    at Ab.h (file:///Applications/Visual%20Studio%20Code.app/Contents/Resources/app/out/vs/workbench/api/node/extensionHostProcess.js:112:41572)
    at Ab.$executeContributedCommand (file:///Applications/Visual%20Studio%20Code.app/Contents/Resources/app/out/vs/workbench/api/node/extensionHostProcess.js:112:42463)
    at a4.S (file:///Applications/Visual%20Studio%20Code.app/Contents/Resources/app/out/vs/workbench/api/node/extensionHostProcess.js:29:117864)
    at a4.Q (file:///Applications/Visual%20Studio%20Code.app/Contents/Resources/app/out/vs/workbench/api/node/extensionHostProcess.js:29:117644)
    at a4.M (file:///Applications/Visual%20Studio%20Code.app/Contents/Resources/app/out/vs/workbench/api/node/extensionHostProcess.js:29:116733)
    at a4.L (file:///Applications/Visual%20Studio%20Code.app/Contents/Resources/app/out/vs/workbench/api/node/extensionHostProcess.js:29:115838)
    at Gh.value (file:///Applications/Visual%20Studio%20Code.app/Contents/Resources/app/out/vs/workbench/api/node/extensionHostProcess.js:29:114635)
    at $.C (file:///Applications/Visual%20Studio%20Code.app/Contents/Resources/app/out/vs/workbench/api/node/extensionHostProcess.js:27:2375)
    at $.fire (file:///Applications/Visual%20Studio%20Code.app/Contents/Resources/app/out/vs/workbench/api/node/extensionHostProcess.js:27:2593)
    at ao.fire (file:///Applications/Visual%20Studio%20Code.app/Contents/Resources/app/out/vs/workbench/api/node/extensionHostProcess.js:29:9459)
    at Gh.value (file:///Applications/Visual%20Studio%20Code.app/Contents/Resources/app/out/vs/workbench/api/node/extensionHostProcess.js:356:8152)
    at $.C (file:///Applications/Visual%20Studio%20Code.app/Contents/Resources/app/out/vs/workbench/api/node/extensionHostProcess.js:27:2375)
    at $.fire (file:///Applications/Visual%20Studio%20Code.app/Contents/Resources/app/out/vs/workbench/api/node/extensionHostProcess.js:27:2593)
    at ao.fire (file:///Applications/Visual%20Studio%20Code.app/Contents/Resources/app/out/vs/workbench/api/node/extensionHostProcess.js:29:9459)
    at MessagePortMain.<anonymous> (file:///Applications/Visual%20Studio%20Code.app/Contents/Resources/app/out/vs/workbench/api/node/extensionHostProcess.js:356:6444)
    at MessagePortMain.emit (node:events:518:28)
    at MessagePortMain.emit (node:domain:489:12)
    at Object.MessagePortMain._internalPort.emit (node:electron/js2c/utility_init:2:3073)
Tds @ console.ts:137
$logExtensionHostMessage @ mainThreadConsole.ts:39
S @ rpcProtocol.ts:458
Q @ rpcProtocol.ts:443
M @ rpcProtocol.ts:373
L @ rpcProtocol.ts:299
(anonymous) @ rpcProtocol.ts:161
C @ event.ts:1219
fire @ event.ts:1250
fire @ ipc.net.ts:652
l.onmessage @ localProcessExtensionHost.ts:382
log.ts:460   ERR [Extension Host] Error loading CSS file components.css: Error: ENOENT: no such file or directory, open '/Users/bleckwolf25/.vscode/extensions/bleckwolf25.code-pulse-2.0.0/src/web/styles/components.css'
    at Object.readFileSync (node:fs:443:20)
    at Object.t.readFileSync (node:electron/js2c/node_init:2:10960)
    at /Users/bleckwolf25/.vscode/extensions/bleckwolf25.code-pulse-2.0.0/dist/extension.js:331:487
    at Array.forEach (<anonymous>)
    at De.generateDashboardHTML (/Users/bleckwolf25/.vscode/extensions/bleckwolf25.code-pulse-2.0.0/dist/extension.js:331:402)
    at De.show (/Users/bleckwolf25/.vscode/extensions/bleckwolf25.code-pulse-2.0.0/dist/extension.js:322:3065)
    at /Users/bleckwolf25/.vscode/extensions/bleckwolf25.code-pulse-2.0.0/dist/extension.js:1195:55592
    at Ab.h (file:///Applications/Visual%20Studio%20Code.app/Contents/Resources/app/out/vs/workbench/api/node/extensionHostProcess.js:112:41572)
    at Ab.$executeContributedCommand (file:///Applications/Visual%20Studio%20Code.app/Contents/Resources/app/out/vs/workbench/api/node/extensionHostProcess.js:112:42463)
    at a4.S (file:///Applications/Visual%20Studio%20Code.app/Contents/Resources/app/out/vs/workbench/api/node/extensionHostProcess.js:29:117864)
    at a4.Q (file:///Applications/Visual%20Studio%20Code.app/Contents/Resources/app/out/vs/workbench/api/node/extensionHostProcess.js:29:117644)
    at a4.M (file:///Applications/Visual%20Studio%20Code.app/Contents/Resources/app/out/vs/workbench/api/node/extensionHostProcess.js:29:116733)
    at a4.L (file:///Applications/Visual%20Studio%20Code.app/Contents/Resources/app/out/vs/workbench/api/node/extensionHostProcess.js:29:115838)
    at Gh.value (file:///Applications/Visual%20Studio%20Code.app/Contents/Resources/app/out/vs/workbench/api/node/extensionHostProcess.js:29:114635)
    at $.C (file:///Applications/Visual%20Studio%20Code.app/Contents/Resources/app/out/vs/workbench/api/node/extensionHostProcess.js:27:2375)
    at $.fire (file:///Applications/Visual%20Studio%20Code.app/Contents/Resources/app/out/vs/workbench/api/node/extensionHostProcess.js:27:2593)
    at ao.fire (file:///Applications/Visual%20Studio%20Code.app/Contents/Resources/app/out/vs/workbench/api/node/extensionHostProcess.js:29:9459)
    at Gh.value (file:///Applications/Visual%20Studio%20Code.app/Contents/Resources/app/out/vs/workbench/api/node/extensionHostProcess.js:356:8152)
    at $.C (file:///Applications/Visual%20Studio%20Code.app/Contents/Resources/app/out/vs/workbench/api/node/extensionHostProcess.js:27:2375)
    at $.fire (file:///Applications/Visual%20Studio%20Code.app/Contents/Resources/app/out/vs/workbench/api/node/extensionHostProcess.js:27:2593)
    at ao.fire (file:///Applications/Visual%20Studio%20Code.app/Contents/Resources/app/out/vs/workbench/api/node/extensionHostProcess.js:29:9459)
    at MessagePortMain.<anonymous> (file:///Applications/Visual%20Studio%20Code.app/Contents/Resources/app/out/vs/workbench/api/node/extensionHostProcess.js:356:6444)
    at MessagePortMain.emit (node:events:518:28)
    at MessagePortMain.emit (node:domain:489:12)
    at Object.MessagePortMain._internalPort.emit (node:electron/js2c/utility_init:2:3073)
error @ log.ts:460
error @ log.ts:565
error @ logService.ts:51
Rds @ remoteConsoleUtil.ts:58
$logExtensionHostMessage @ mainThreadConsole.ts:38
S @ rpcProtocol.ts:458
Q @ rpcProtocol.ts:443
M @ rpcProtocol.ts:373
L @ rpcProtocol.ts:299
(anonymous) @ rpcProtocol.ts:161
C @ event.ts:1219
fire @ event.ts:1250
fire @ ipc.net.ts:652
l.onmessage @ localProcessExtensionHost.ts:382
console.ts:137 [Extension Host] Error loading CSS file components.css: Error: ENOENT: no such file or directory, open '/Users/bleckwolf25/.vscode/extensions/bleckwolf25.code-pulse-2.0.0/src/web/styles/components.css'
    at Object.readFileSync (node:fs:443:20)
    at Object.t.readFileSync (node:electron/js2c/node_init:2:10960)
    at /Users/bleckwolf25/.vscode/extensions/bleckwolf25.code-pulse-2.0.0/dist/extension.js:331:487
    at Array.forEach (<anonymous>)
    at De.generateDashboardHTML (/Users/bleckwolf25/.vscode/extensions/bleckwolf25.code-pulse-2.0.0/dist/extension.js:331:402)
    at De.show (/Users/bleckwolf25/.vscode/extensions/bleckwolf25.code-pulse-2.0.0/dist/extension.js:322:3065)
    at /Users/bleckwolf25/.vscode/extensions/bleckwolf25.code-pulse-2.0.0/dist/extension.js:1195:55592
    at Ab.h (file:///Applications/Visual%20Studio%20Code.app/Contents/Resources/app/out/vs/workbench/api/node/extensionHostProcess.js:112:41572)
    at Ab.$executeContributedCommand (file:///Applications/Visual%20Studio%20Code.app/Contents/Resources/app/out/vs/workbench/api/node/extensionHostProcess.js:112:42463)
    at a4.S (file:///Applications/Visual%20Studio%20Code.app/Contents/Resources/app/out/vs/workbench/api/node/extensionHostProcess.js:29:117864)
    at a4.Q (file:///Applications/Visual%20Studio%20Code.app/Contents/Resources/app/out/vs/workbench/api/node/extensionHostProcess.js:29:117644)
    at a4.M (file:///Applications/Visual%20Studio%20Code.app/Contents/Resources/app/out/vs/workbench/api/node/extensionHostProcess.js:29:116733)
    at a4.L (file:///Applications/Visual%20Studio%20Code.app/Contents/Resources/app/out/vs/workbench/api/node/extensionHostProcess.js:29:115838)
    at Gh.value (file:///Applications/Visual%20Studio%20Code.app/Contents/Resources/app/out/vs/workbench/api/node/extensionHostProcess.js:29:114635)
    at $.C (file:///Applications/Visual%20Studio%20Code.app/Contents/Resources/app/out/vs/workbench/api/node/extensionHostProcess.js:27:2375)
    at $.fire (file:///Applications/Visual%20Studio%20Code.app/Contents/Resources/app/out/vs/workbench/api/node/extensionHostProcess.js:27:2593)
    at ao.fire (file:///Applications/Visual%20Studio%20Code.app/Contents/Resources/app/out/vs/workbench/api/node/extensionHostProcess.js:29:9459)
    at Gh.value (file:///Applications/Visual%20Studio%20Code.app/Contents/Resources/app/out/vs/workbench/api/node/extensionHostProcess.js:356:8152)
    at $.C (file:///Applications/Visual%20Studio%20Code.app/Contents/Resources/app/out/vs/workbench/api/node/extensionHostProcess.js:27:2375)
    at $.fire (file:///Applications/Visual%20Studio%20Code.app/Contents/Resources/app/out/vs/workbench/api/node/extensionHostProcess.js:27:2593)
    at ao.fire (file:///Applications/Visual%20Studio%20Code.app/Contents/Resources/app/out/vs/workbench/api/node/extensionHostProcess.js:29:9459)
    at MessagePortMain.<anonymous> (file:///Applications/Visual%20Studio%20Code.app/Contents/Resources/app/out/vs/workbench/api/node/extensionHostProcess.js:356:6444)
    at MessagePortMain.emit (node:events:518:28)
    at MessagePortMain.emit (node:domain:489:12)
    at Object.MessagePortMain._internalPort.emit (node:electron/js2c/utility_init:2:3073)
Tds @ console.ts:137
$logExtensionHostMessage @ mainThreadConsole.ts:39
S @ rpcProtocol.ts:458
Q @ rpcProtocol.ts:443
M @ rpcProtocol.ts:373
L @ rpcProtocol.ts:299
(anonymous) @ rpcProtocol.ts:161
C @ event.ts:1219
fire @ event.ts:1250
fire @ ipc.net.ts:652
l.onmessage @ localProcessExtensionHost.ts:382
log.ts:460   ERR [Extension Host] Error loading CSS file dashboard.css: Error: ENOENT: no such file or directory, open '/Users/bleckwolf25/.vscode/extensions/bleckwolf25.code-pulse-2.0.0/src/web/styles/dashboard.css'
    at Object.readFileSync (node:fs:443:20)
    at Object.t.readFileSync (node:electron/js2c/node_init:2:10960)
    at /Users/bleckwolf25/.vscode/extensions/bleckwolf25.code-pulse-2.0.0/dist/extension.js:331:487
    at Array.forEach (<anonymous>)
    at De.generateDashboardHTML (/Users/bleckwolf25/.vscode/extensions/bleckwolf25.code-pulse-2.0.0/dist/extension.js:331:402)
    at De.show (/Users/bleckwolf25/.vscode/extensions/bleckwolf25.code-pulse-2.0.0/dist/extension.js:322:3065)
    at /Users/bleckwolf25/.vscode/extensions/bleckwolf25.code-pulse-2.0.0/dist/extension.js:1195:55592
    at Ab.h (file:///Applications/Visual%20Studio%20Code.app/Contents/Resources/app/out/vs/workbench/api/node/extensionHostProcess.js:112:41572)
    at Ab.$executeContributedCommand (file:///Applications/Visual%20Studio%20Code.app/Contents/Resources/app/out/vs/workbench/api/node/extensionHostProcess.js:112:42463)
    at a4.S (file:///Applications/Visual%20Studio%20Code.app/Contents/Resources/app/out/vs/workbench/api/node/extensionHostProcess.js:29:117864)
    at a4.Q (file:///Applications/Visual%20Studio%20Code.app/Contents/Resources/app/out/vs/workbench/api/node/extensionHostProcess.js:29:117644)
    at a4.M (file:///Applications/Visual%20Studio%20Code.app/Contents/Resources/app/out/vs/workbench/api/node/extensionHostProcess.js:29:116733)
    at a4.L (file:///Applications/Visual%20Studio%20Code.app/Contents/Resources/app/out/vs/workbench/api/node/extensionHostProcess.js:29:115838)
    at Gh.value (file:///Applications/Visual%20Studio%20Code.app/Contents/Resources/app/out/vs/workbench/api/node/extensionHostProcess.js:29:114635)
    at $.C (file:///Applications/Visual%20Studio%20Code.app/Contents/Resources/app/out/vs/workbench/api/node/extensionHostProcess.js:27:2375)
    at $.fire (file:///Applications/Visual%20Studio%20Code.app/Contents/Resources/app/out/vs/workbench/api/node/extensionHostProcess.js:27:2593)
    at ao.fire (file:///Applications/Visual%20Studio%20Code.app/Contents/Resources/app/out/vs/workbench/api/node/extensionHostProcess.js:29:9459)
    at Gh.value (file:///Applications/Visual%20Studio%20Code.app/Contents/Resources/app/out/vs/workbench/api/node/extensionHostProcess.js:356:8152)
    at $.C (file:///Applications/Visual%20Studio%20Code.app/Contents/Resources/app/out/vs/workbench/api/node/extensionHostProcess.js:27:2375)
    at $.fire (file:///Applications/Visual%20Studio%20Code.app/Contents/Resources/app/out/vs/workbench/api/node/extensionHostProcess.js:27:2593)
    at ao.fire (file:///Applications/Visual%20Studio%20Code.app/Contents/Resources/app/out/vs/workbench/api/node/extensionHostProcess.js:29:9459)
    at MessagePortMain.<anonymous> (file:///Applications/Visual%20Studio%20Code.app/Contents/Resources/app/out/vs/workbench/api/node/extensionHostProcess.js:356:6444)
    at MessagePortMain.emit (node:events:518:28)
    at MessagePortMain.emit (node:domain:489:12)
    at Object.MessagePortMain._internalPort.emit (node:electron/js2c/utility_init:2:3073)
error @ log.ts:460
error @ log.ts:565
error @ logService.ts:51
Rds @ remoteConsoleUtil.ts:58
$logExtensionHostMessage @ mainThreadConsole.ts:38
S @ rpcProtocol.ts:458
Q @ rpcProtocol.ts:443
M @ rpcProtocol.ts:373
L @ rpcProtocol.ts:299
(anonymous) @ rpcProtocol.ts:161
C @ event.ts:1219
fire @ event.ts:1250
fire @ ipc.net.ts:652
l.onmessage @ localProcessExtensionHost.ts:382
console.ts:137 [Extension Host] Error loading CSS file dashboard.css: Error: ENOENT: no such file or directory, open '/Users/bleckwolf25/.vscode/extensions/bleckwolf25.code-pulse-2.0.0/src/web/styles/dashboard.css'
    at Object.readFileSync (node:fs:443:20)
    at Object.t.readFileSync (node:electron/js2c/node_init:2:10960)
    at /Users/bleckwolf25/.vscode/extensions/bleckwolf25.code-pulse-2.0.0/dist/extension.js:331:487
    at Array.forEach (<anonymous>)
    at De.generateDashboardHTML (/Users/bleckwolf25/.vscode/extensions/bleckwolf25.code-pulse-2.0.0/dist/extension.js:331:402)
    at De.show (/Users/bleckwolf25/.vscode/extensions/bleckwolf25.code-pulse-2.0.0/dist/extension.js:322:3065)
    at /Users/bleckwolf25/.vscode/extensions/bleckwolf25.code-pulse-2.0.0/dist/extension.js:1195:55592
    at Ab.h (file:///Applications/Visual%20Studio%20Code.app/Contents/Resources/app/out/vs/workbench/api/node/extensionHostProcess.js:112:41572)
    at Ab.$executeContributedCommand (file:///Applications/Visual%20Studio%20Code.app/Contents/Resources/app/out/vs/workbench/api/node/extensionHostProcess.js:112:42463)
    at a4.S (file:///Applications/Visual%20Studio%20Code.app/Contents/Resources/app/out/vs/workbench/api/node/extensionHostProcess.js:29:117864)
    at a4.Q (file:///Applications/Visual%20Studio%20Code.app/Contents/Resources/app/out/vs/workbench/api/node/extensionHostProcess.js:29:117644)
    at a4.M (file:///Applications/Visual%20Studio%20Code.app/Contents/Resources/app/out/vs/workbench/api/node/extensionHostProcess.js:29:116733)
    at a4.L (file:///Applications/Visual%20Studio%20Code.app/Contents/Resources/app/out/vs/workbench/api/node/extensionHostProcess.js:29:115838)
    at Gh.value (file:///Applications/Visual%20Studio%20Code.app/Contents/Resources/app/out/vs/workbench/api/node/extensionHostProcess.js:29:114635)
    at $.C (file:///Applications/Visual%20Studio%20Code.app/Contents/Resources/app/out/vs/workbench/api/node/extensionHostProcess.js:27:2375)
    at $.fire (file:///Applications/Visual%20Studio%20Code.app/Contents/Resources/app/out/vs/workbench/api/node/extensionHostProcess.js:27:2593)
    at ao.fire (file:///Applications/Visual%20Studio%20Code.app/Contents/Resources/app/out/vs/workbench/api/node/extensionHostProcess.js:29:9459)
    at Gh.value (file:///Applications/Visual%20Studio%20Code.app/Contents/Resources/app/out/vs/workbench/api/node/extensionHostProcess.js:356:8152)
    at $.C (file:///Applications/Visual%20Studio%20Code.app/Contents/Resources/app/out/vs/workbench/api/node/extensionHostProcess.js:27:2375)
    at $.fire (file:///Applications/Visual%20Studio%20Code.app/Contents/Resources/app/out/vs/workbench/api/node/extensionHostProcess.js:27:2593)
    at ao.fire (file:///Applications/Visual%20Studio%20Code.app/Contents/Resources/app/out/vs/workbench/api/node/extensionHostProcess.js:29:9459)
    at MessagePortMain.<anonymous> (file:///Applications/Visual%20Studio%20Code.app/Contents/Resources/app/out/vs/workbench/api/node/extensionHostProcess.js:356:6444)
    at MessagePortMain.emit (node:events:518:28)
    at MessagePortMain.emit (node:domain:489:12)
    at Object.MessagePortMain._internalPort.emit (node:electron/js2c/utility_init:2:3073)
Tds @ console.ts:137
$logExtensionHostMessage @ mainThreadConsole.ts:39
S @ rpcProtocol.ts:458
Q @ rpcProtocol.ts:443
M @ rpcProtocol.ts:373
L @ rpcProtocol.ts:299
(anonymous) @ rpcProtocol.ts:161
C @ event.ts:1219
fire @ event.ts:1250
fire @ ipc.net.ts:652
l.onmessage @ localProcessExtensionHost.ts:382
log.ts:460   ERR [Extension Host] Error loading CSS file responsive.css: Error: ENOENT: no such file or directory, open '/Users/bleckwolf25/.vscode/extensions/bleckwolf25.code-pulse-2.0.0/src/web/styles/responsive.css'
    at Object.readFileSync (node:fs:443:20)
    at Object.t.readFileSync (node:electron/js2c/node_init:2:10960)
    at /Users/bleckwolf25/.vscode/extensions/bleckwolf25.code-pulse-2.0.0/dist/extension.js:331:487
    at Array.forEach (<anonymous>)
    at De.generateDashboardHTML (/Users/bleckwolf25/.vscode/extensions/bleckwolf25.code-pulse-2.0.0/dist/extension.js:331:402)
    at De.show (/Users/bleckwolf25/.vscode/extensions/bleckwolf25.code-pulse-2.0.0/dist/extension.js:322:3065)
    at /Users/bleckwolf25/.vscode/extensions/bleckwolf25.code-pulse-2.0.0/dist/extension.js:1195:55592
    at Ab.h (file:///Applications/Visual%20Studio%20Code.app/Contents/Resources/app/out/vs/workbench/api/node/extensionHostProcess.js:112:41572)
    at Ab.$executeContributedCommand (file:///Applications/Visual%20Studio%20Code.app/Contents/Resources/app/out/vs/workbench/api/node/extensionHostProcess.js:112:42463)
    at a4.S (file:///Applications/Visual%20Studio%20Code.app/Contents/Resources/app/out/vs/workbench/api/node/extensionHostProcess.js:29:117864)
    at a4.Q (file:///Applications/Visual%20Studio%20Code.app/Contents/Resources/app/out/vs/workbench/api/node/extensionHostProcess.js:29:117644)
    at a4.M (file:///Applications/Visual%20Studio%20Code.app/Contents/Resources/app/out/vs/workbench/api/node/extensionHostProcess.js:29:116733)
    at a4.L (file:///Applications/Visual%20Studio%20Code.app/Contents/Resources/app/out/vs/workbench/api/node/extensionHostProcess.js:29:115838)
    at Gh.value (file:///Applications/Visual%20Studio%20Code.app/Contents/Resources/app/out/vs/workbench/api/node/extensionHostProcess.js:29:114635)
    at $.C (file:///Applications/Visual%20Studio%20Code.app/Contents/Resources/app/out/vs/workbench/api/node/extensionHostProcess.js:27:2375)
    at $.fire (file:///Applications/Visual%20Studio%20Code.app/Contents/Resources/app/out/vs/workbench/api/node/extensionHostProcess.js:27:2593)
    at ao.fire (file:///Applications/Visual%20Studio%20Code.app/Contents/Resources/app/out/vs/workbench/api/node/extensionHostProcess.js:29:9459)
    at Gh.value (file:///Applications/Visual%20Studio%20Code.app/Contents/Resources/app/out/vs/workbench/api/node/extensionHostProcess.js:356:8152)
    at $.C (file:///Applications/Visual%20Studio%20Code.app/Contents/Resources/app/out/vs/workbench/api/node/extensionHostProcess.js:27:2375)
    at $.fire (file:///Applications/Visual%20Studio%20Code.app/Contents/Resources/app/out/vs/workbench/api/node/extensionHostProcess.js:27:2593)
    at ao.fire (file:///Applications/Visual%20Studio%20Code.app/Contents/Resources/app/out/vs/workbench/api/node/extensionHostProcess.js:29:9459)
    at MessagePortMain.<anonymous> (file:///Applications/Visual%20Studio%20Code.app/Contents/Resources/app/out/vs/workbench/api/node/extensionHostProcess.js:356:6444)
    at MessagePortMain.emit (node:events:518:28)
    at MessagePortMain.emit (node:domain:489:12)
    at Object.MessagePortMain._internalPort.emit (node:electron/js2c/utility_init:2:3073)
error @ log.ts:460
error @ log.ts:565
error @ logService.ts:51
Rds @ remoteConsoleUtil.ts:58
$logExtensionHostMessage @ mainThreadConsole.ts:38
S @ rpcProtocol.ts:458
Q @ rpcProtocol.ts:443
M @ rpcProtocol.ts:373
L @ rpcProtocol.ts:299
(anonymous) @ rpcProtocol.ts:161
C @ event.ts:1219
fire @ event.ts:1250
fire @ ipc.net.ts:652
l.onmessage @ localProcessExtensionHost.ts:382
console.ts:137 [Extension Host] Error loading CSS file responsive.css: Error: ENOENT: no such file or directory, open '/Users/bleckwolf25/.vscode/extensions/bleckwolf25.code-pulse-2.0.0/src/web/styles/responsive.css'
    at Object.readFileSync (node:fs:443:20)
    at Object.t.readFileSync (node:electron/js2c/node_init:2:10960)
    at /Users/bleckwolf25/.vscode/extensions/bleckwolf25.code-pulse-2.0.0/dist/extension.js:331:487
    at Array.forEach (<anonymous>)
    at De.generateDashboardHTML (/Users/bleckwolf25/.vscode/extensions/bleckwolf25.code-pulse-2.0.0/dist/extension.js:331:402)
    at De.show (/Users/bleckwolf25/.vscode/extensions/bleckwolf25.code-pulse-2.0.0/dist/extension.js:322:3065)
    at /Users/bleckwolf25/.vscode/extensions/bleckwolf25.code-pulse-2.0.0/dist/extension.js:1195:55592
    at Ab.h (file:///Applications/Visual%20Studio%20Code.app/Contents/Resources/app/out/vs/workbench/api/node/extensionHostProcess.js:112:41572)
    at Ab.$executeContributedCommand (file:///Applications/Visual%20Studio%20Code.app/Contents/Resources/app/out/vs/workbench/api/node/extensionHostProcess.js:112:42463)
    at a4.S (file:///Applications/Visual%20Studio%20Code.app/Contents/Resources/app/out/vs/workbench/api/node/extensionHostProcess.js:29:117864)
    at a4.Q (file:///Applications/Visual%20Studio%20Code.app/Contents/Resources/app/out/vs/workbench/api/node/extensionHostProcess.js:29:117644)
    at a4.M (file:///Applications/Visual%20Studio%20Code.app/Contents/Resources/app/out/vs/workbench/api/node/extensionHostProcess.js:29:116733)
    at a4.L (file:///Applications/Visual%20Studio%20Code.app/Contents/Resources/app/out/vs/workbench/api/node/extensionHostProcess.js:29:115838)
    at Gh.value (file:///Applications/Visual%20Studio%20Code.app/Contents/Resources/app/out/vs/workbench/api/node/extensionHostProcess.js:29:114635)
    at $.C (file:///Applications/Visual%20Studio%20Code.app/Contents/Resources/app/out/vs/workbench/api/node/extensionHostProcess.js:27:2375)
    at $.fire (file:///Applications/Visual%20Studio%20Code.app/Contents/Resources/app/out/vs/workbench/api/node/extensionHostProcess.js:27:2593)
    at ao.fire (file:///Applications/Visual%20Studio%20Code.app/Contents/Resources/app/out/vs/workbench/api/node/extensionHostProcess.js:29:9459)
    at Gh.value (file:///Applications/Visual%20Studio%20Code.app/Contents/Resources/app/out/vs/workbench/api/node/extensionHostProcess.js:356:8152)
    at $.C (file:///Applications/Visual%20Studio%20Code.app/Contents/Resources/app/out/vs/workbench/api/node/extensionHostProcess.js:27:2375)
    at $.fire (file:///Applications/Visual%20Studio%20Code.app/Contents/Resources/app/out/vs/workbench/api/node/extensionHostProcess.js:27:2593)
    at ao.fire (file:///Applications/Visual%20Studio%20Code.app/Contents/Resources/app/out/vs/workbench/api/node/extensionHostProcess.js:29:9459)
    at MessagePortMain.<anonymous> (file:///Applications/Visual%20Studio%20Code.app/Contents/Resources/app/out/vs/workbench/api/node/extensionHostProcess.js:356:6444)
    at MessagePortMain.emit (node:events:518:28)
    at MessagePortMain.emit (node:domain:489:12)
    at Object.MessagePortMain._internalPort.emit (node:electron/js2c/utility_init:2:3073)
Tds @ console.ts:137
$logExtensionHostMessage @ mainThreadConsole.ts:39
S @ rpcProtocol.ts:458
Q @ rpcProtocol.ts:443
M @ rpcProtocol.ts:373
L @ rpcProtocol.ts:299
(anonymous) @ rpcProtocol.ts:161
C @ event.ts:1219
fire @ event.ts:1250
fire @ ipc.net.ts:652
l.onmessage @ localProcessExtensionHost.ts:382
log.ts:460   ERR [Extension Host] Error loading CSS file interactive-features.css: Error: ENOENT: no such file or directory, open '/Users/bleckwolf25/.vscode/extensions/bleckwolf25.code-pulse-2.0.0/src/web/styles/interactive-features.css'
    at Object.readFileSync (node:fs:443:20)
    at Object.t.readFileSync (node:electron/js2c/node_init:2:10960)
    at /Users/bleckwolf25/.vscode/extensions/bleckwolf25.code-pulse-2.0.0/dist/extension.js:331:487
    at Array.forEach (<anonymous>)
    at De.generateDashboardHTML (/Users/bleckwolf25/.vscode/extensions/bleckwolf25.code-pulse-2.0.0/dist/extension.js:331:402)
    at De.show (/Users/bleckwolf25/.vscode/extensions/bleckwolf25.code-pulse-2.0.0/dist/extension.js:322:3065)
    at /Users/bleckwolf25/.vscode/extensions/bleckwolf25.code-pulse-2.0.0/dist/extension.js:1195:55592
    at Ab.h (file:///Applications/Visual%20Studio%20Code.app/Contents/Resources/app/out/vs/workbench/api/node/extensionHostProcess.js:112:41572)
    at Ab.$executeContributedCommand (file:///Applications/Visual%20Studio%20Code.app/Contents/Resources/app/out/vs/workbench/api/node/extensionHostProcess.js:112:42463)
    at a4.S (file:///Applications/Visual%20Studio%20Code.app/Contents/Resources/app/out/vs/workbench/api/node/extensionHostProcess.js:29:117864)
    at a4.Q (file:///Applications/Visual%20Studio%20Code.app/Contents/Resources/app/out/vs/workbench/api/node/extensionHostProcess.js:29:117644)
    at a4.M (file:///Applications/Visual%20Studio%20Code.app/Contents/Resources/app/out/vs/workbench/api/node/extensionHostProcess.js:29:116733)
    at a4.L (file:///Applications/Visual%20Studio%20Code.app/Contents/Resources/app/out/vs/workbench/api/node/extensionHostProcess.js:29:115838)
    at Gh.value (file:///Applications/Visual%20Studio%20Code.app/Contents/Resources/app/out/vs/workbench/api/node/extensionHostProcess.js:29:114635)
    at $.C (file:///Applications/Visual%20Studio%20Code.app/Contents/Resources/app/out/vs/workbench/api/node/extensionHostProcess.js:27:2375)
    at $.fire (file:///Applications/Visual%20Studio%20Code.app/Contents/Resources/app/out/vs/workbench/api/node/extensionHostProcess.js:27:2593)
    at ao.fire (file:///Applications/Visual%20Studio%20Code.app/Contents/Resources/app/out/vs/workbench/api/node/extensionHostProcess.js:29:9459)
    at Gh.value (file:///Applications/Visual%20Studio%20Code.app/Contents/Resources/app/out/vs/workbench/api/node/extensionHostProcess.js:356:8152)
    at $.C (file:///Applications/Visual%20Studio%20Code.app/Contents/Resources/app/out/vs/workbench/api/node/extensionHostProcess.js:27:2375)
    at $.fire (file:///Applications/Visual%20Studio%20Code.app/Contents/Resources/app/out/vs/workbench/api/node/extensionHostProcess.js:27:2593)
    at ao.fire (file:///Applications/Visual%20Studio%20Code.app/Contents/Resources/app/out/vs/workbench/api/node/extensionHostProcess.js:29:9459)
    at MessagePortMain.<anonymous> (file:///Applications/Visual%20Studio%20Code.app/Contents/Resources/app/out/vs/workbench/api/node/extensionHostProcess.js:356:6444)
    at MessagePortMain.emit (node:events:518:28)
    at MessagePortMain.emit (node:domain:489:12)
    at Object.MessagePortMain._internalPort.emit (node:electron/js2c/utility_init:2:3073)
error @ log.ts:460
error @ log.ts:565
error @ logService.ts:51
Rds @ remoteConsoleUtil.ts:58
$logExtensionHostMessage @ mainThreadConsole.ts:38
S @ rpcProtocol.ts:458
Q @ rpcProtocol.ts:443
M @ rpcProtocol.ts:373
L @ rpcProtocol.ts:299
(anonymous) @ rpcProtocol.ts:161
C @ event.ts:1219
fire @ event.ts:1250
fire @ ipc.net.ts:652
l.onmessage @ localProcessExtensionHost.ts:382
console.ts:137 [Extension Host] Error loading CSS file interactive-features.css: Error: ENOENT: no such file or directory, open '/Users/bleckwolf25/.vscode/extensions/bleckwolf25.code-pulse-2.0.0/src/web/styles/interactive-features.css'
    at Object.readFileSync (node:fs:443:20)
    at Object.t.readFileSync (node:electron/js2c/node_init:2:10960)
    at /Users/bleckwolf25/.vscode/extensions/bleckwolf25.code-pulse-2.0.0/dist/extension.js:331:487
    at Array.forEach (<anonymous>)
    at De.generateDashboardHTML (/Users/bleckwolf25/.vscode/extensions/bleckwolf25.code-pulse-2.0.0/dist/extension.js:331:402)
    at De.show (/Users/bleckwolf25/.vscode/extensions/bleckwolf25.code-pulse-2.0.0/dist/extension.js:322:3065)
    at /Users/bleckwolf25/.vscode/extensions/bleckwolf25.code-pulse-2.0.0/dist/extension.js:1195:55592
    at Ab.h (file:///Applications/Visual%20Studio%20Code.app/Contents/Resources/app/out/vs/workbench/api/node/extensionHostProcess.js:112:41572)
    at Ab.$executeContributedCommand (file:///Applications/Visual%20Studio%20Code.app/Contents/Resources/app/out/vs/workbench/api/node/extensionHostProcess.js:112:42463)
    at a4.S (file:///Applications/Visual%20Studio%20Code.app/Contents/Resources/app/out/vs/workbench/api/node/extensionHostProcess.js:29:117864)
    at a4.Q (file:///Applications/Visual%20Studio%20Code.app/Contents/Resources/app/out/vs/workbench/api/node/extensionHostProcess.js:29:117644)
    at a4.M (file:///Applications/Visual%20Studio%20Code.app/Contents/Resources/app/out/vs/workbench/api/node/extensionHostProcess.js:29:116733)
    at a4.L (file:///Applications/Visual%20Studio%20Code.app/Contents/Resources/app/out/vs/workbench/api/node/extensionHostProcess.js:29:115838)
    at Gh.value (file:///Applications/Visual%20Studio%20Code.app/Contents/Resources/app/out/vs/workbench/api/node/extensionHostProcess.js:29:114635)
    at $.C (file:///Applications/Visual%20Studio%20Code.app/Contents/Resources/app/out/vs/workbench/api/node/extensionHostProcess.js:27:2375)
    at $.fire (file:///Applications/Visual%20Studio%20Code.app/Contents/Resources/app/out/vs/workbench/api/node/extensionHostProcess.js:27:2593)
    at ao.fire (file:///Applications/Visual%20Studio%20Code.app/Contents/Resources/app/out/vs/workbench/api/node/extensionHostProcess.js:29:9459)
    at Gh.value (file:///Applications/Visual%20Studio%20Code.app/Contents/Resources/app/out/vs/workbench/api/node/extensionHostProcess.js:356:8152)
    at $.C (file:///Applications/Visual%20Studio%20Code.app/Contents/Resources/app/out/vs/workbench/api/node/extensionHostProcess.js:27:2375)
    at $.fire (file:///Applications/Visual%20Studio%20Code.app/Contents/Resources/app/out/vs/workbench/api/node/extensionHostProcess.js:27:2593)
    at ao.fire (file:///Applications/Visual%20Studio%20Code.app/Contents/Resources/app/out/vs/workbench/api/node/extensionHostProcess.js:29:9459)
    at MessagePortMain.<anonymous> (file:///Applications/Visual%20Studio%20Code.app/Contents/Resources/app/out/vs/workbench/api/node/extensionHostProcess.js:356:6444)
    at MessagePortMain.emit (node:events:518:28)
    at MessagePortMain.emit (node:domain:489:12)
    at Object.MessagePortMain._internalPort.emit (node:electron/js2c/utility_init:2:3073)
Tds @ console.ts:137
$logExtensionHostMessage @ mainThreadConsole.ts:39
S @ rpcProtocol.ts:458
Q @ rpcProtocol.ts:443
M @ rpcProtocol.ts:373
L @ rpcProtocol.ts:299
(anonymous) @ rpcProtocol.ts:161
C @ event.ts:1219
fire @ event.ts:1250
fire @ ipc.net.ts:652
l.onmessage @ localProcessExtensionHost.ts:382
log.ts:460   ERR [Extension Host] Error loading CSS file historical-analytics.css: Error: ENOENT: no such file or directory, open '/Users/bleckwolf25/.vscode/extensions/bleckwolf25.code-pulse-2.0.0/src/web/styles/historical-analytics.css'
    at Object.readFileSync (node:fs:443:20)
    at Object.t.readFileSync (node:electron/js2c/node_init:2:10960)
    at /Users/bleckwolf25/.vscode/extensions/bleckwolf25.code-pulse-2.0.0/dist/extension.js:331:487
    at Array.forEach (<anonymous>)
    at De.generateDashboardHTML (/Users/bleckwolf25/.vscode/extensions/bleckwolf25.code-pulse-2.0.0/dist/extension.js:331:402)
    at De.show (/Users/bleckwolf25/.vscode/extensions/bleckwolf25.code-pulse-2.0.0/dist/extension.js:322:3065)
    at /Users/bleckwolf25/.vscode/extensions/bleckwolf25.code-pulse-2.0.0/dist/extension.js:1195:55592
    at Ab.h (file:///Applications/Visual%20Studio%20Code.app/Contents/Resources/app/out/vs/workbench/api/node/extensionHostProcess.js:112:41572)
    at Ab.$executeContributedCommand (file:///Applications/Visual%20Studio%20Code.app/Contents/Resources/app/out/vs/workbench/api/node/extensionHostProcess.js:112:42463)
    at a4.S (file:///Applications/Visual%20Studio%20Code.app/Contents/Resources/app/out/vs/workbench/api/node/extensionHostProcess.js:29:117864)
    at a4.Q (file:///Applications/Visual%20Studio%20Code.app/Contents/Resources/app/out/vs/workbench/api/node/extensionHostProcess.js:29:117644)
    at a4.M (file:///Applications/Visual%20Studio%20Code.app/Contents/Resources/app/out/vs/workbench/api/node/extensionHostProcess.js:29:116733)
    at a4.L (file:///Applications/Visual%20Studio%20Code.app/Contents/Resources/app/out/vs/workbench/api/node/extensionHostProcess.js:29:115838)
    at Gh.value (file:///Applications/Visual%20Studio%20Code.app/Contents/Resources/app/out/vs/workbench/api/node/extensionHostProcess.js:29:114635)
    at $.C (file:///Applications/Visual%20Studio%20Code.app/Contents/Resources/app/out/vs/workbench/api/node/extensionHostProcess.js:27:2375)
    at $.fire (file:///Applications/Visual%20Studio%20Code.app/Contents/Resources/app/out/vs/workbench/api/node/extensionHostProcess.js:27:2593)
    at ao.fire (file:///Applications/Visual%20Studio%20Code.app/Contents/Resources/app/out/vs/workbench/api/node/extensionHostProcess.js:29:9459)
    at Gh.value (file:///Applications/Visual%20Studio%20Code.app/Contents/Resources/app/out/vs/workbench/api/node/extensionHostProcess.js:356:8152)
    at $.C (file:///Applications/Visual%20Studio%20Code.app/Contents/Resources/app/out/vs/workbench/api/node/extensionHostProcess.js:27:2375)
    at $.fire (file:///Applications/Visual%20Studio%20Code.app/Contents/Resources/app/out/vs/workbench/api/node/extensionHostProcess.js:27:2593)
    at ao.fire (file:///Applications/Visual%20Studio%20Code.app/Contents/Resources/app/out/vs/workbench/api/node/extensionHostProcess.js:29:9459)
    at MessagePortMain.<anonymous> (file:///Applications/Visual%20Studio%20Code.app/Contents/Resources/app/out/vs/workbench/api/node/extensionHostProcess.js:356:6444)
    at MessagePortMain.emit (node:events:518:28)
    at MessagePortMain.emit (node:domain:489:12)
    at Object.MessagePortMain._internalPort.emit (node:electron/js2c/utility_init:2:3073)
error @ log.ts:460
error @ log.ts:565
error @ logService.ts:51
Rds @ remoteConsoleUtil.ts:58
$logExtensionHostMessage @ mainThreadConsole.ts:38
S @ rpcProtocol.ts:458
Q @ rpcProtocol.ts:443
M @ rpcProtocol.ts:373
L @ rpcProtocol.ts:299
(anonymous) @ rpcProtocol.ts:161
C @ event.ts:1219
fire @ event.ts:1250
fire @ ipc.net.ts:652
l.onmessage @ localProcessExtensionHost.ts:382
console.ts:137 [Extension Host] Error loading CSS file historical-analytics.css: Error: ENOENT: no such file or directory, open '/Users/bleckwolf25/.vscode/extensions/bleckwolf25.code-pulse-2.0.0/src/web/styles/historical-analytics.css'
    at Object.readFileSync (node:fs:443:20)
    at Object.t.readFileSync (node:electron/js2c/node_init:2:10960)
    at /Users/bleckwolf25/.vscode/extensions/bleckwolf25.code-pulse-2.0.0/dist/extension.js:331:487
    at Array.forEach (<anonymous>)
    at De.generateDashboardHTML (/Users/bleckwolf25/.vscode/extensions/bleckwolf25.code-pulse-2.0.0/dist/extension.js:331:402)
    at De.show (/Users/bleckwolf25/.vscode/extensions/bleckwolf25.code-pulse-2.0.0/dist/extension.js:322:3065)
    at /Users/bleckwolf25/.vscode/extensions/bleckwolf25.code-pulse-2.0.0/dist/extension.js:1195:55592
    at Ab.h (file:///Applications/Visual%20Studio%20Code.app/Contents/Resources/app/out/vs/workbench/api/node/extensionHostProcess.js:112:41572)
    at Ab.$executeContributedCommand (file:///Applications/Visual%20Studio%20Code.app/Contents/Resources/app/out/vs/workbench/api/node/extensionHostProcess.js:112:42463)
    at a4.S (file:///Applications/Visual%20Studio%20Code.app/Contents/Resources/app/out/vs/workbench/api/node/extensionHostProcess.js:29:117864)
    at a4.Q (file:///Applications/Visual%20Studio%20Code.app/Contents/Resources/app/out/vs/workbench/api/node/extensionHostProcess.js:29:117644)
    at a4.M (file:///Applications/Visual%20Studio%20Code.app/Contents/Resources/app/out/vs/workbench/api/node/extensionHostProcess.js:29:116733)
    at a4.L (file:///Applications/Visual%20Studio%20Code.app/Contents/Resources/app/out/vs/workbench/api/node/extensionHostProcess.js:29:115838)
    at Gh.value (file:///Applications/Visual%20Studio%20Code.app/Contents/Resources/app/out/vs/workbench/api/node/extensionHostProcess.js:29:114635)
    at $.C (file:///Applications/Visual%20Studio%20Code.app/Contents/Resources/app/out/vs/workbench/api/node/extensionHostProcess.js:27:2375)
    at $.fire (file:///Applications/Visual%20Studio%20Code.app/Contents/Resources/app/out/vs/workbench/api/node/extensionHostProcess.js:27:2593)
    at ao.fire (file:///Applications/Visual%20Studio%20Code.app/Contents/Resources/app/out/vs/workbench/api/node/extensionHostProcess.js:29:9459)
    at Gh.value (file:///Applications/Visual%20Studio%20Code.app/Contents/Resources/app/out/vs/workbench/api/node/extensionHostProcess.js:356:8152)
    at $.C (file:///Applications/Visual%20Studio%20Code.app/Contents/Resources/app/out/vs/workbench/api/node/extensionHostProcess.js:27:2375)
    at $.fire (file:///Applications/Visual%20Studio%20Code.app/Contents/Resources/app/out/vs/workbench/api/node/extensionHostProcess.js:27:2593)
    at ao.fire (file:///Applications/Visual%20Studio%20Code.app/Contents/Resources/app/out/vs/workbench/api/node/extensionHostProcess.js:29:9459)
    at MessagePortMain.<anonymous> (file:///Applications/Visual%20Studio%20Code.app/Contents/Resources/app/out/vs/workbench/api/node/extensionHostProcess.js:356:6444)
    at MessagePortMain.emit (node:events:518:28)
    at MessagePortMain.emit (node:domain:489:12)
    at Object.MessagePortMain._internalPort.emit (node:electron/js2c/utility_init:2:3073)
Tds @ console.ts:137
$logExtensionHostMessage @ mainThreadConsole.ts:39
S @ rpcProtocol.ts:458
Q @ rpcProtocol.ts:443
M @ rpcProtocol.ts:373
L @ rpcProtocol.ts:299
(anonymous) @ rpcProtocol.ts:161
C @ event.ts:1219
fire @ event.ts:1250
fire @ ipc.net.ts:652
l.onmessage @ localProcessExtensionHost.ts:382
log.ts:460   ERR [Extension Host] Error loading CSS file reporting.css: Error: ENOENT: no such file or directory, open '/Users/bleckwolf25/.vscode/extensions/bleckwolf25.code-pulse-2.0.0/src/web/styles/reporting.css'
    at Object.readFileSync (node:fs:443:20)
    at Object.t.readFileSync (node:electron/js2c/node_init:2:10960)
    at /Users/bleckwolf25/.vscode/extensions/bleckwolf25.code-pulse-2.0.0/dist/extension.js:331:487
    at Array.forEach (<anonymous>)
    at De.generateDashboardHTML (/Users/bleckwolf25/.vscode/extensions/bleckwolf25.code-pulse-2.0.0/dist/extension.js:331:402)
    at De.show (/Users/bleckwolf25/.vscode/extensions/bleckwolf25.code-pulse-2.0.0/dist/extension.js:322:3065)
    at /Users/bleckwolf25/.vscode/extensions/bleckwolf25.code-pulse-2.0.0/dist/extension.js:1195:55592
    at Ab.h (file:///Applications/Visual%20Studio%20Code.app/Contents/Resources/app/out/vs/workbench/api/node/extensionHostProcess.js:112:41572)
    at Ab.$executeContributedCommand (file:///Applications/Visual%20Studio%20Code.app/Contents/Resources/app/out/vs/workbench/api/node/extensionHostProcess.js:112:42463)
    at a4.S (file:///Applications/Visual%20Studio%20Code.app/Contents/Resources/app/out/vs/workbench/api/node/extensionHostProcess.js:29:117864)
    at a4.Q (file:///Applications/Visual%20Studio%20Code.app/Contents/Resources/app/out/vs/workbench/api/node/extensionHostProcess.js:29:117644)
    at a4.M (file:///Applications/Visual%20Studio%20Code.app/Contents/Resources/app/out/vs/workbench/api/node/extensionHostProcess.js:29:116733)
    at a4.L (file:///Applications/Visual%20Studio%20Code.app/Contents/Resources/app/out/vs/workbench/api/node/extensionHostProcess.js:29:115838)
    at Gh.value (file:///Applications/Visual%20Studio%20Code.app/Contents/Resources/app/out/vs/workbench/api/node/extensionHostProcess.js:29:114635)
    at $.C (file:///Applications/Visual%20Studio%20Code.app/Contents/Resources/app/out/vs/workbench/api/node/extensionHostProcess.js:27:2375)
    at $.fire (file:///Applications/Visual%20Studio%20Code.app/Contents/Resources/app/out/vs/workbench/api/node/extensionHostProcess.js:27:2593)
    at ao.fire (file:///Applications/Visual%20Studio%20Code.app/Contents/Resources/app/out/vs/workbench/api/node/extensionHostProcess.js:29:9459)
    at Gh.value (file:///Applications/Visual%20Studio%20Code.app/Contents/Resources/app/out/vs/workbench/api/node/extensionHostProcess.js:356:8152)
    at $.C (file:///Applications/Visual%20Studio%20Code.app/Contents/Resources/app/out/vs/workbench/api/node/extensionHostProcess.js:27:2375)
    at $.fire (file:///Applications/Visual%20Studio%20Code.app/Contents/Resources/app/out/vs/workbench/api/node/extensionHostProcess.js:27:2593)
    at ao.fire (file:///Applications/Visual%20Studio%20Code.app/Contents/Resources/app/out/vs/workbench/api/node/extensionHostProcess.js:29:9459)
    at MessagePortMain.<anonymous> (file:///Applications/Visual%20Studio%20Code.app/Contents/Resources/app/out/vs/workbench/api/node/extensionHostProcess.js:356:6444)
    at MessagePortMain.emit (node:events:518:28)
    at MessagePortMain.emit (node:domain:489:12)
    at Object.MessagePortMain._internalPort.emit (node:electron/js2c/utility_init:2:3073)
error @ log.ts:460
error @ log.ts:565
error @ logService.ts:51
Rds @ remoteConsoleUtil.ts:58
$logExtensionHostMessage @ mainThreadConsole.ts:38
S @ rpcProtocol.ts:458
Q @ rpcProtocol.ts:443
M @ rpcProtocol.ts:373
L @ rpcProtocol.ts:299
(anonymous) @ rpcProtocol.ts:161
C @ event.ts:1219
fire @ event.ts:1250
fire @ ipc.net.ts:652
l.onmessage @ localProcessExtensionHost.ts:382
console.ts:137 [Extension Host] Error loading CSS file reporting.css: Error: ENOENT: no such file or directory, open '/Users/bleckwolf25/.vscode/extensions/bleckwolf25.code-pulse-2.0.0/src/web/styles/reporting.css'
    at Object.readFileSync (node:fs:443:20)
    at Object.t.readFileSync (node:electron/js2c/node_init:2:10960)
    at /Users/bleckwolf25/.vscode/extensions/bleckwolf25.code-pulse-2.0.0/dist/extension.js:331:487
    at Array.forEach (<anonymous>)
    at De.generateDashboardHTML (/Users/bleckwolf25/.vscode/extensions/bleckwolf25.code-pulse-2.0.0/dist/extension.js:331:402)
    at De.show (/Users/bleckwolf25/.vscode/extensions/bleckwolf25.code-pulse-2.0.0/dist/extension.js:322:3065)
    at /Users/bleckwolf25/.vscode/extensions/bleckwolf25.code-pulse-2.0.0/dist/extension.js:1195:55592
    at Ab.h (file:///Applications/Visual%20Studio%20Code.app/Contents/Resources/app/out/vs/workbench/api/node/extensionHostProcess.js:112:41572)
    at Ab.$executeContributedCommand (file:///Applications/Visual%20Studio%20Code.app/Contents/Resources/app/out/vs/workbench/api/node/extensionHostProcess.js:112:42463)
    at a4.S (file:///Applications/Visual%20Studio%20Code.app/Contents/Resources/app/out/vs/workbench/api/node/extensionHostProcess.js:29:117864)
    at a4.Q (file:///Applications/Visual%20Studio%20Code.app/Contents/Resources/app/out/vs/workbench/api/node/extensionHostProcess.js:29:117644)
    at a4.M (file:///Applications/Visual%20Studio%20Code.app/Contents/Resources/app/out/vs/workbench/api/node/extensionHostProcess.js:29:116733)
    at a4.L (file:///Applications/Visual%20Studio%20Code.app/Contents/Resources/app/out/vs/workbench/api/node/extensionHostProcess.js:29:115838)
    at Gh.value (file:///Applications/Visual%20Studio%20Code.app/Contents/Resources/app/out/vs/workbench/api/node/extensionHostProcess.js:29:114635)
    at $.C (file:///Applications/Visual%20Studio%20Code.app/Contents/Resources/app/out/vs/workbench/api/node/extensionHostProcess.js:27:2375)
    at $.fire (file:///Applications/Visual%20Studio%20Code.app/Contents/Resources/app/out/vs/workbench/api/node/extensionHostProcess.js:27:2593)
    at ao.fire (file:///Applications/Visual%20Studio%20Code.app/Contents/Resources/app/out/vs/workbench/api/node/extensionHostProcess.js:29:9459)
    at Gh.value (file:///Applications/Visual%20Studio%20Code.app/Contents/Resources/app/out/vs/workbench/api/node/extensionHostProcess.js:356:8152)
    at $.C (file:///Applications/Visual%20Studio%20Code.app/Contents/Resources/app/out/vs/workbench/api/node/extensionHostProcess.js:27:2375)
    at $.fire (file:///Applications/Visual%20Studio%20Code.app/Contents/Resources/app/out/vs/workbench/api/node/extensionHostProcess.js:27:2593)
    at ao.fire (file:///Applications/Visual%20Studio%20Code.app/Contents/Resources/app/out/vs/workbench/api/node/extensionHostProcess.js:29:9459)
    at MessagePortMain.<anonymous> (file:///Applications/Visual%20Studio%20Code.app/Contents/Resources/app/out/vs/workbench/api/node/extensionHostProcess.js:356:6444)
    at MessagePortMain.emit (node:events:518:28)
    at MessagePortMain.emit (node:domain:489:12)
    at Object.MessagePortMain._internalPort.emit (node:electron/js2c/utility_init:2:3073)
Tds @ console.ts:137
$logExtensionHostMessage @ mainThreadConsole.ts:39
S @ rpcProtocol.ts:458
Q @ rpcProtocol.ts:443
M @ rpcProtocol.ts:373
L @ rpcProtocol.ts:299
(anonymous) @ rpcProtocol.ts:161
C @ event.ts:1219
fire @ event.ts:1250
fire @ ipc.net.ts:652
l.onmessage @ localProcessExtensionHost.ts:382
log.ts:460   ERR [Extension Host] Error loading CSS file error-monitoring.css: Error: ENOENT: no such file or directory, open '/Users/bleckwolf25/.vscode/extensions/bleckwolf25.code-pulse-2.0.0/src/web/styles/error-monitoring.css'
    at Object.readFileSync (node:fs:443:20)
    at Object.t.readFileSync (node:electron/js2c/node_init:2:10960)
    at /Users/bleckwolf25/.vscode/extensions/bleckwolf25.code-pulse-2.0.0/dist/extension.js:331:487
    at Array.forEach (<anonymous>)
    at De.generateDashboardHTML (/Users/bleckwolf25/.vscode/extensions/bleckwolf25.code-pulse-2.0.0/dist/extension.js:331:402)
    at De.show (/Users/bleckwolf25/.vscode/extensions/bleckwolf25.code-pulse-2.0.0/dist/extension.js:322:3065)
    at /Users/bleckwolf25/.vscode/extensions/bleckwolf25.code-pulse-2.0.0/dist/extension.js:1195:55592
    at Ab.h (file:///Applications/Visual%20Studio%20Code.app/Contents/Resources/app/out/vs/workbench/api/node/extensionHostProcess.js:112:41572)
    at Ab.$executeContributedCommand (file:///Applications/Visual%20Studio%20Code.app/Contents/Resources/app/out/vs/workbench/api/node/extensionHostProcess.js:112:42463)
    at a4.S (file:///Applications/Visual%20Studio%20Code.app/Contents/Resources/app/out/vs/workbench/api/node/extensionHostProcess.js:29:117864)
    at a4.Q (file:///Applications/Visual%20Studio%20Code.app/Contents/Resources/app/out/vs/workbench/api/node/extensionHostProcess.js:29:117644)
    at a4.M (file:///Applications/Visual%20Studio%20Code.app/Contents/Resources/app/out/vs/workbench/api/node/extensionHostProcess.js:29:116733)
    at a4.L (file:///Applications/Visual%20Studio%20Code.app/Contents/Resources/app/out/vs/workbench/api/node/extensionHostProcess.js:29:115838)
    at Gh.value (file:///Applications/Visual%20Studio%20Code.app/Contents/Resources/app/out/vs/workbench/api/node/extensionHostProcess.js:29:114635)
    at $.C (file:///Applications/Visual%20Studio%20Code.app/Contents/Resources/app/out/vs/workbench/api/node/extensionHostProcess.js:27:2375)
    at $.fire (file:///Applications/Visual%20Studio%20Code.app/Contents/Resources/app/out/vs/workbench/api/node/extensionHostProcess.js:27:2593)
    at ao.fire (file:///Applications/Visual%20Studio%20Code.app/Contents/Resources/app/out/vs/workbench/api/node/extensionHostProcess.js:29:9459)
    at Gh.value (file:///Applications/Visual%20Studio%20Code.app/Contents/Resources/app/out/vs/workbench/api/node/extensionHostProcess.js:356:8152)
    at $.C (file:///Applications/Visual%20Studio%20Code.app/Contents/Resources/app/out/vs/workbench/api/node/extensionHostProcess.js:27:2375)
    at $.fire (file:///Applications/Visual%20Studio%20Code.app/Contents/Resources/app/out/vs/workbench/api/node/extensionHostProcess.js:27:2593)
    at ao.fire (file:///Applications/Visual%20Studio%20Code.app/Contents/Resources/app/out/vs/workbench/api/node/extensionHostProcess.js:29:9459)
    at MessagePortMain.<anonymous> (file:///Applications/Visual%20Studio%20Code.app/Contents/Resources/app/out/vs/workbench/api/node/extensionHostProcess.js:356:6444)
    at MessagePortMain.emit (node:events:518:28)
    at MessagePortMain.emit (node:domain:489:12)
    at Object.MessagePortMain._internalPort.emit (node:electron/js2c/utility_init:2:3073)
error @ log.ts:460
error @ log.ts:565
error @ logService.ts:51
Rds @ remoteConsoleUtil.ts:58
$logExtensionHostMessage @ mainThreadConsole.ts:38
S @ rpcProtocol.ts:458
Q @ rpcProtocol.ts:443
M @ rpcProtocol.ts:373
L @ rpcProtocol.ts:299
(anonymous) @ rpcProtocol.ts:161
C @ event.ts:1219
fire @ event.ts:1250
fire @ ipc.net.ts:652
l.onmessage @ localProcessExtensionHost.ts:382
console.ts:137 [Extension Host] Error loading CSS file error-monitoring.css: Error: ENOENT: no such file or directory, open '/Users/bleckwolf25/.vscode/extensions/bleckwolf25.code-pulse-2.0.0/src/web/styles/error-monitoring.css'
    at Object.readFileSync (node:fs:443:20)
    at Object.t.readFileSync (node:electron/js2c/node_init:2:10960)
    at /Users/bleckwolf25/.vscode/extensions/bleckwolf25.code-pulse-2.0.0/dist/extension.js:331:487
    at Array.forEach (<anonymous>)
    at De.generateDashboardHTML (/Users/bleckwolf25/.vscode/extensions/bleckwolf25.code-pulse-2.0.0/dist/extension.js:331:402)
    at De.show (/Users/bleckwolf25/.vscode/extensions/bleckwolf25.code-pulse-2.0.0/dist/extension.js:322:3065)
    at /Users/bleckwolf25/.vscode/extensions/bleckwolf25.code-pulse-2.0.0/dist/extension.js:1195:55592
    at Ab.h (file:///Applications/Visual%20Studio%20Code.app/Contents/Resources/app/out/vs/workbench/api/node/extensionHostProcess.js:112:41572)
    at Ab.$executeContributedCommand (file:///Applications/Visual%20Studio%20Code.app/Contents/Resources/app/out/vs/workbench/api/node/extensionHostProcess.js:112:42463)
    at a4.S (file:///Applications/Visual%20Studio%20Code.app/Contents/Resources/app/out/vs/workbench/api/node/extensionHostProcess.js:29:117864)
    at a4.Q (file:///Applications/Visual%20Studio%20Code.app/Contents/Resources/app/out/vs/workbench/api/node/extensionHostProcess.js:29:117644)
    at a4.M (file:///Applications/Visual%20Studio%20Code.app/Contents/Resources/app/out/vs/workbench/api/node/extensionHostProcess.js:29:116733)
    at a4.L (file:///Applications/Visual%20Studio%20Code.app/Contents/Resources/app/out/vs/workbench/api/node/extensionHostProcess.js:29:115838)
    at Gh.value (file:///Applications/Visual%20Studio%20Code.app/Contents/Resources/app/out/vs/workbench/api/node/extensionHostProcess.js:29:114635)
    at $.C (file:///Applications/Visual%20Studio%20Code.app/Contents/Resources/app/out/vs/workbench/api/node/extensionHostProcess.js:27:2375)
    at $.fire (file:///Applications/Visual%20Studio%20Code.app/Contents/Resources/app/out/vs/workbench/api/node/extensionHostProcess.js:27:2593)
    at ao.fire (file:///Applications/Visual%20Studio%20Code.app/Contents/Resources/app/out/vs/workbench/api/node/extensionHostProcess.js:29:9459)
    at Gh.value (file:///Applications/Visual%20Studio%20Code.app/Contents/Resources/app/out/vs/workbench/api/node/extensionHostProcess.js:356:8152)
    at $.C (file:///Applications/Visual%20Studio%20Code.app/Contents/Resources/app/out/vs/workbench/api/node/extensionHostProcess.js:27:2375)
    at $.fire (file:///Applications/Visual%20Studio%20Code.app/Contents/Resources/app/out/vs/workbench/api/node/extensionHostProcess.js:27:2593)
    at ao.fire (file:///Applications/Visual%20Studio%20Code.app/Contents/Resources/app/out/vs/workbench/api/node/extensionHostProcess.js:29:9459)
    at MessagePortMain.<anonymous> (file:///Applications/Visual%20Studio%20Code.app/Contents/Resources/app/out/vs/workbench/api/node/extensionHostProcess.js:356:6444)
    at MessagePortMain.emit (node:events:518:28)
    at MessagePortMain.emit (node:domain:489:12)
    at Object.MessagePortMain._internalPort.emit (node:electron/js2c/utility_init:2:3073)
Tds @ console.ts:137
$logExtensionHostMessage @ mainThreadConsole.ts:39
S @ rpcProtocol.ts:458
Q @ rpcProtocol.ts:443
M @ rpcProtocol.ts:373
L @ rpcProtocol.ts:299
(anonymous) @ rpcProtocol.ts:161
C @ event.ts:1219
fire @ event.ts:1250
fire @ ipc.net.ts:652
l.onmessage @ localProcessExtensionHost.ts:382
log.ts:460   ERR [Extension Host] Error loading JS file utils.js: Error: ENOENT: no such file or directory, open '/Users/bleckwolf25/.vscode/extensions/bleckwolf25.code-pulse-2.0.0/src/web/scripts/utils.js'
    at Object.readFileSync (node:fs:443:20)
    at Object.t.readFileSync (node:electron/js2c/node_init:2:10960)
    at /Users/bleckwolf25/.vscode/extensions/bleckwolf25.code-pulse-2.0.0/dist/extension.js:332:423
    at Array.forEach (<anonymous>)
    at De.generateDashboardHTML (/Users/bleckwolf25/.vscode/extensions/bleckwolf25.code-pulse-2.0.0/dist/extension.js:332:337)
    at De.show (/Users/bleckwolf25/.vscode/extensions/bleckwolf25.code-pulse-2.0.0/dist/extension.js:322:3065)
    at /Users/bleckwolf25/.vscode/extensions/bleckwolf25.code-pulse-2.0.0/dist/extension.js:1195:55592
    at Ab.h (file:///Applications/Visual%20Studio%20Code.app/Contents/Resources/app/out/vs/workbench/api/node/extensionHostProcess.js:112:41572)
    at Ab.$executeContributedCommand (file:///Applications/Visual%20Studio%20Code.app/Contents/Resources/app/out/vs/workbench/api/node/extensionHostProcess.js:112:42463)
    at a4.S (file:///Applications/Visual%20Studio%20Code.app/Contents/Resources/app/out/vs/workbench/api/node/extensionHostProcess.js:29:117864)
    at a4.Q (file:///Applications/Visual%20Studio%20Code.app/Contents/Resources/app/out/vs/workbench/api/node/extensionHostProcess.js:29:117644)
    at a4.M (file:///Applications/Visual%20Studio%20Code.app/Contents/Resources/app/out/vs/workbench/api/node/extensionHostProcess.js:29:116733)
    at a4.L (file:///Applications/Visual%20Studio%20Code.app/Contents/Resources/app/out/vs/workbench/api/node/extensionHostProcess.js:29:115838)
    at Gh.value (file:///Applications/Visual%20Studio%20Code.app/Contents/Resources/app/out/vs/workbench/api/node/extensionHostProcess.js:29:114635)
    at $.C (file:///Applications/Visual%20Studio%20Code.app/Contents/Resources/app/out/vs/workbench/api/node/extensionHostProcess.js:27:2375)
    at $.fire (file:///Applications/Visual%20Studio%20Code.app/Contents/Resources/app/out/vs/workbench/api/node/extensionHostProcess.js:27:2593)
    at ao.fire (file:///Applications/Visual%20Studio%20Code.app/Contents/Resources/app/out/vs/workbench/api/node/extensionHostProcess.js:29:9459)
    at Gh.value (file:///Applications/Visual%20Studio%20Code.app/Contents/Resources/app/out/vs/workbench/api/node/extensionHostProcess.js:356:8152)
    at $.C (file:///Applications/Visual%20Studio%20Code.app/Contents/Resources/app/out/vs/workbench/api/node/extensionHostProcess.js:27:2375)
    at $.fire (file:///Applications/Visual%20Studio%20Code.app/Contents/Resources/app/out/vs/workbench/api/node/extensionHostProcess.js:27:2593)
    at ao.fire (file:///Applications/Visual%20Studio%20Code.app/Contents/Resources/app/out/vs/workbench/api/node/extensionHostProcess.js:29:9459)
    at MessagePortMain.<anonymous> (file:///Applications/Visual%20Studio%20Code.app/Contents/Resources/app/out/vs/workbench/api/node/extensionHostProcess.js:356:6444)
    at MessagePortMain.emit (node:events:518:28)
    at MessagePortMain.emit (node:domain:489:12)
    at Object.MessagePortMain._internalPort.emit (node:electron/js2c/utility_init:2:3073)
error @ log.ts:460
error @ log.ts:565
error @ logService.ts:51
Rds @ remoteConsoleUtil.ts:58
$logExtensionHostMessage @ mainThreadConsole.ts:38
S @ rpcProtocol.ts:458
Q @ rpcProtocol.ts:443
M @ rpcProtocol.ts:373
L @ rpcProtocol.ts:299
(anonymous) @ rpcProtocol.ts:161
C @ event.ts:1219
fire @ event.ts:1250
fire @ ipc.net.ts:652
l.onmessage @ localProcessExtensionHost.ts:382
console.ts:137 [Extension Host] Error loading JS file utils.js: Error: ENOENT: no such file or directory, open '/Users/bleckwolf25/.vscode/extensions/bleckwolf25.code-pulse-2.0.0/src/web/scripts/utils.js'
    at Object.readFileSync (node:fs:443:20)
    at Object.t.readFileSync (node:electron/js2c/node_init:2:10960)
    at /Users/bleckwolf25/.vscode/extensions/bleckwolf25.code-pulse-2.0.0/dist/extension.js:332:423
    at Array.forEach (<anonymous>)
    at De.generateDashboardHTML (/Users/bleckwolf25/.vscode/extensions/bleckwolf25.code-pulse-2.0.0/dist/extension.js:332:337)
    at De.show (/Users/bleckwolf25/.vscode/extensions/bleckwolf25.code-pulse-2.0.0/dist/extension.js:322:3065)
    at /Users/bleckwolf25/.vscode/extensions/bleckwolf25.code-pulse-2.0.0/dist/extension.js:1195:55592
    at Ab.h (file:///Applications/Visual%20Studio%20Code.app/Contents/Resources/app/out/vs/workbench/api/node/extensionHostProcess.js:112:41572)
    at Ab.$executeContributedCommand (file:///Applications/Visual%20Studio%20Code.app/Contents/Resources/app/out/vs/workbench/api/node/extensionHostProcess.js:112:42463)
    at a4.S (file:///Applications/Visual%20Studio%20Code.app/Contents/Resources/app/out/vs/workbench/api/node/extensionHostProcess.js:29:117864)
    at a4.Q (file:///Applications/Visual%20Studio%20Code.app/Contents/Resources/app/out/vs/workbench/api/node/extensionHostProcess.js:29:117644)
    at a4.M (file:///Applications/Visual%20Studio%20Code.app/Contents/Resources/app/out/vs/workbench/api/node/extensionHostProcess.js:29:116733)
    at a4.L (file:///Applications/Visual%20Studio%20Code.app/Contents/Resources/app/out/vs/workbench/api/node/extensionHostProcess.js:29:115838)
    at Gh.value (file:///Applications/Visual%20Studio%20Code.app/Contents/Resources/app/out/vs/workbench/api/node/extensionHostProcess.js:29:114635)
    at $.C (file:///Applications/Visual%20Studio%20Code.app/Contents/Resources/app/out/vs/workbench/api/node/extensionHostProcess.js:27:2375)
    at $.fire (file:///Applications/Visual%20Studio%20Code.app/Contents/Resources/app/out/vs/workbench/api/node/extensionHostProcess.js:27:2593)
    at ao.fire (file:///Applications/Visual%20Studio%20Code.app/Contents/Resources/app/out/vs/workbench/api/node/extensionHostProcess.js:29:9459)
    at Gh.value (file:///Applications/Visual%20Studio%20Code.app/Contents/Resources/app/out/vs/workbench/api/node/extensionHostProcess.js:356:8152)
    at $.C (file:///Applications/Visual%20Studio%20Code.app/Contents/Resources/app/out/vs/workbench/api/node/extensionHostProcess.js:27:2375)
    at $.fire (file:///Applications/Visual%20Studio%20Code.app/Contents/Resources/app/out/vs/workbench/api/node/extensionHostProcess.js:27:2593)
    at ao.fire (file:///Applications/Visual%20Studio%20Code.app/Contents/Resources/app/out/vs/workbench/api/node/extensionHostProcess.js:29:9459)
    at MessagePortMain.<anonymous> (file:///Applications/Visual%20Studio%20Code.app/Contents/Resources/app/out/vs/workbench/api/node/extensionHostProcess.js:356:6444)
    at MessagePortMain.emit (node:events:518:28)
    at MessagePortMain.emit (node:domain:489:12)
    at Object.MessagePortMain._internalPort.emit (node:electron/js2c/utility_init:2:3073)
Tds @ console.ts:137
$logExtensionHostMessage @ mainThreadConsole.ts:39
S @ rpcProtocol.ts:458
Q @ rpcProtocol.ts:443
M @ rpcProtocol.ts:373
L @ rpcProtocol.ts:299
(anonymous) @ rpcProtocol.ts:161
C @ event.ts:1219
fire @ event.ts:1250
fire @ ipc.net.ts:652
l.onmessage @ localProcessExtensionHost.ts:382
log.ts:460   ERR [Extension Host] Error loading JS file theme-manager.js: Error: ENOENT: no such file or directory, open '/Users/bleckwolf25/.vscode/extensions/bleckwolf25.code-pulse-2.0.0/src/web/scripts/theme-manager.js'
    at Object.readFileSync (node:fs:443:20)
    at Object.t.readFileSync (node:electron/js2c/node_init:2:10960)
    at /Users/bleckwolf25/.vscode/extensions/bleckwolf25.code-pulse-2.0.0/dist/extension.js:332:423
    at Array.forEach (<anonymous>)
    at De.generateDashboardHTML (/Users/bleckwolf25/.vscode/extensions/bleckwolf25.code-pulse-2.0.0/dist/extension.js:332:337)
    at De.show (/Users/bleckwolf25/.vscode/extensions/bleckwolf25.code-pulse-2.0.0/dist/extension.js:322:3065)
    at /Users/bleckwolf25/.vscode/extensions/bleckwolf25.code-pulse-2.0.0/dist/extension.js:1195:55592
    at Ab.h (file:///Applications/Visual%20Studio%20Code.app/Contents/Resources/app/out/vs/workbench/api/node/extensionHostProcess.js:112:41572)
    at Ab.$executeContributedCommand (file:///Applications/Visual%20Studio%20Code.app/Contents/Resources/app/out/vs/workbench/api/node/extensionHostProcess.js:112:42463)
    at a4.S (file:///Applications/Visual%20Studio%20Code.app/Contents/Resources/app/out/vs/workbench/api/node/extensionHostProcess.js:29:117864)
    at a4.Q (file:///Applications/Visual%20Studio%20Code.app/Contents/Resources/app/out/vs/workbench/api/node/extensionHostProcess.js:29:117644)
    at a4.M (file:///Applications/Visual%20Studio%20Code.app/Contents/Resources/app/out/vs/workbench/api/node/extensionHostProcess.js:29:116733)
    at a4.L (file:///Applications/Visual%20Studio%20Code.app/Contents/Resources/app/out/vs/workbench/api/node/extensionHostProcess.js:29:115838)
    at Gh.value (file:///Applications/Visual%20Studio%20Code.app/Contents/Resources/app/out/vs/workbench/api/node/extensionHostProcess.js:29:114635)
    at $.C (file:///Applications/Visual%20Studio%20Code.app/Contents/Resources/app/out/vs/workbench/api/node/extensionHostProcess.js:27:2375)
    at $.fire (file:///Applications/Visual%20Studio%20Code.app/Contents/Resources/app/out/vs/workbench/api/node/extensionHostProcess.js:27:2593)
    at ao.fire (file:///Applications/Visual%20Studio%20Code.app/Contents/Resources/app/out/vs/workbench/api/node/extensionHostProcess.js:29:9459)
    at Gh.value (file:///Applications/Visual%20Studio%20Code.app/Contents/Resources/app/out/vs/workbench/api/node/extensionHostProcess.js:356:8152)
    at $.C (file:///Applications/Visual%20Studio%20Code.app/Contents/Resources/app/out/vs/workbench/api/node/extensionHostProcess.js:27:2375)
    at $.fire (file:///Applications/Visual%20Studio%20Code.app/Contents/Resources/app/out/vs/workbench/api/node/extensionHostProcess.js:27:2593)
    at ao.fire (file:///Applications/Visual%20Studio%20Code.app/Contents/Resources/app/out/vs/workbench/api/node/extensionHostProcess.js:29:9459)
    at MessagePortMain.<anonymous> (file:///Applications/Visual%20Studio%20Code.app/Contents/Resources/app/out/vs/workbench/api/node/extensionHostProcess.js:356:6444)
    at MessagePortMain.emit (node:events:518:28)
    at MessagePortMain.emit (node:domain:489:12)
    at Object.MessagePortMain._internalPort.emit (node:electron/js2c/utility_init:2:3073)
error @ log.ts:460
error @ log.ts:565
error @ logService.ts:51
Rds @ remoteConsoleUtil.ts:58
$logExtensionHostMessage @ mainThreadConsole.ts:38
S @ rpcProtocol.ts:458
Q @ rpcProtocol.ts:443
M @ rpcProtocol.ts:373
L @ rpcProtocol.ts:299
(anonymous) @ rpcProtocol.ts:161
C @ event.ts:1219
fire @ event.ts:1250
fire @ ipc.net.ts:652
l.onmessage @ localProcessExtensionHost.ts:382
console.ts:137 [Extension Host] Error loading JS file theme-manager.js: Error: ENOENT: no such file or directory, open '/Users/bleckwolf25/.vscode/extensions/bleckwolf25.code-pulse-2.0.0/src/web/scripts/theme-manager.js'
    at Object.readFileSync (node:fs:443:20)
    at Object.t.readFileSync (node:electron/js2c/node_init:2:10960)
    at /Users/bleckwolf25/.vscode/extensions/bleckwolf25.code-pulse-2.0.0/dist/extension.js:332:423
    at Array.forEach (<anonymous>)
    at De.generateDashboardHTML (/Users/bleckwolf25/.vscode/extensions/bleckwolf25.code-pulse-2.0.0/dist/extension.js:332:337)
    at De.show (/Users/bleckwolf25/.vscode/extensions/bleckwolf25.code-pulse-2.0.0/dist/extension.js:322:3065)
    at /Users/bleckwolf25/.vscode/extensions/bleckwolf25.code-pulse-2.0.0/dist/extension.js:1195:55592
    at Ab.h (file:///Applications/Visual%20Studio%20Code.app/Contents/Resources/app/out/vs/workbench/api/node/extensionHostProcess.js:112:41572)
    at Ab.$executeContributedCommand (file:///Applications/Visual%20Studio%20Code.app/Contents/Resources/app/out/vs/workbench/api/node/extensionHostProcess.js:112:42463)
    at a4.S (file:///Applications/Visual%20Studio%20Code.app/Contents/Resources/app/out/vs/workbench/api/node/extensionHostProcess.js:29:117864)
    at a4.Q (file:///Applications/Visual%20Studio%20Code.app/Contents/Resources/app/out/vs/workbench/api/node/extensionHostProcess.js:29:117644)
    at a4.M (file:///Applications/Visual%20Studio%20Code.app/Contents/Resources/app/out/vs/workbench/api/node/extensionHostProcess.js:29:116733)
    at a4.L (file:///Applications/Visual%20Studio%20Code.app/Contents/Resources/app/out/vs/workbench/api/node/extensionHostProcess.js:29:115838)
    at Gh.value (file:///Applications/Visual%20Studio%20Code.app/Contents/Resources/app/out/vs/workbench/api/node/extensionHostProcess.js:29:114635)
    at $.C (file:///Applications/Visual%20Studio%20Code.app/Contents/Resources/app/out/vs/workbench/api/node/extensionHostProcess.js:27:2375)
    at $.fire (file:///Applications/Visual%20Studio%20Code.app/Contents/Resources/app/out/vs/workbench/api/node/extensionHostProcess.js:27:2593)
    at ao.fire (file:///Applications/Visual%20Studio%20Code.app/Contents/Resources/app/out/vs/workbench/api/node/extensionHostProcess.js:29:9459)
    at Gh.value (file:///Applications/Visual%20Studio%20Code.app/Contents/Resources/app/out/vs/workbench/api/node/extensionHostProcess.js:356:8152)
    at $.C (file:///Applications/Visual%20Studio%20Code.app/Contents/Resources/app/out/vs/workbench/api/node/extensionHostProcess.js:27:2375)
    at $.fire (file:///Applications/Visual%20Studio%20Code.app/Contents/Resources/app/out/vs/workbench/api/node/extensionHostProcess.js:27:2593)
    at ao.fire (file:///Applications/Visual%20Studio%20Code.app/Contents/Resources/app/out/vs/workbench/api/node/extensionHostProcess.js:29:9459)
    at MessagePortMain.<anonymous> (file:///Applications/Visual%20Studio%20Code.app/Contents/Resources/app/out/vs/workbench/api/node/extensionHostProcess.js:356:6444)
    at MessagePortMain.emit (node:events:518:28)
    at MessagePortMain.emit (node:domain:489:12)
    at Object.MessagePortMain._internalPort.emit (node:electron/js2c/utility_init:2:3073)
Tds @ console.ts:137
$logExtensionHostMessage @ mainThreadConsole.ts:39
S @ rpcProtocol.ts:458
Q @ rpcProtocol.ts:443
M @ rpcProtocol.ts:373
L @ rpcProtocol.ts:299
(anonymous) @ rpcProtocol.ts:161
C @ event.ts:1219
fire @ event.ts:1250
fire @ ipc.net.ts:652
l.onmessage @ localProcessExtensionHost.ts:382
log.ts:460   ERR [Extension Host] Error loading JS file charts.js: Error: ENOENT: no such file or directory, open '/Users/bleckwolf25/.vscode/extensions/bleckwolf25.code-pulse-2.0.0/src/web/scripts/charts.js'
    at Object.readFileSync (node:fs:443:20)
    at Object.t.readFileSync (node:electron/js2c/node_init:2:10960)
    at /Users/bleckwolf25/.vscode/extensions/bleckwolf25.code-pulse-2.0.0/dist/extension.js:332:423
    at Array.forEach (<anonymous>)
    at De.generateDashboardHTML (/Users/bleckwolf25/.vscode/extensions/bleckwolf25.code-pulse-2.0.0/dist/extension.js:332:337)
    at De.show (/Users/bleckwolf25/.vscode/extensions/bleckwolf25.code-pulse-2.0.0/dist/extension.js:322:3065)
    at /Users/bleckwolf25/.vscode/extensions/bleckwolf25.code-pulse-2.0.0/dist/extension.js:1195:55592
    at Ab.h (file:///Applications/Visual%20Studio%20Code.app/Contents/Resources/app/out/vs/workbench/api/node/extensionHostProcess.js:112:41572)
    at Ab.$executeContributedCommand (file:///Applications/Visual%20Studio%20Code.app/Contents/Resources/app/out/vs/workbench/api/node/extensionHostProcess.js:112:42463)
    at a4.S (file:///Applications/Visual%20Studio%20Code.app/Contents/Resources/app/out/vs/workbench/api/node/extensionHostProcess.js:29:117864)
    at a4.Q (file:///Applications/Visual%20Studio%20Code.app/Contents/Resources/app/out/vs/workbench/api/node/extensionHostProcess.js:29:117644)
    at a4.M (file:///Applications/Visual%20Studio%20Code.app/Contents/Resources/app/out/vs/workbench/api/node/extensionHostProcess.js:29:116733)
    at a4.L (file:///Applications/Visual%20Studio%20Code.app/Contents/Resources/app/out/vs/workbench/api/node/extensionHostProcess.js:29:115838)
    at Gh.value (file:///Applications/Visual%20Studio%20Code.app/Contents/Resources/app/out/vs/workbench/api/node/extensionHostProcess.js:29:114635)
    at $.C (file:///Applications/Visual%20Studio%20Code.app/Contents/Resources/app/out/vs/workbench/api/node/extensionHostProcess.js:27:2375)
    at $.fire (file:///Applications/Visual%20Studio%20Code.app/Contents/Resources/app/out/vs/workbench/api/node/extensionHostProcess.js:27:2593)
    at ao.fire (file:///Applications/Visual%20Studio%20Code.app/Contents/Resources/app/out/vs/workbench/api/node/extensionHostProcess.js:29:9459)
    at Gh.value (file:///Applications/Visual%20Studio%20Code.app/Contents/Resources/app/out/vs/workbench/api/node/extensionHostProcess.js:356:8152)
    at $.C (file:///Applications/Visual%20Studio%20Code.app/Contents/Resources/app/out/vs/workbench/api/node/extensionHostProcess.js:27:2375)
    at $.fire (file:///Applications/Visual%20Studio%20Code.app/Contents/Resources/app/out/vs/workbench/api/node/extensionHostProcess.js:27:2593)
    at ao.fire (file:///Applications/Visual%20Studio%20Code.app/Contents/Resources/app/out/vs/workbench/api/node/extensionHostProcess.js:29:9459)
    at MessagePortMain.<anonymous> (file:///Applications/Visual%20Studio%20Code.app/Contents/Resources/app/out/vs/workbench/api/node/extensionHostProcess.js:356:6444)
    at MessagePortMain.emit (node:events:518:28)
    at MessagePortMain.emit (node:domain:489:12)
    at Object.MessagePortMain._internalPort.emit (node:electron/js2c/utility_init:2:3073)
error @ log.ts:460
error @ log.ts:565
error @ logService.ts:51
Rds @ remoteConsoleUtil.ts:58
$logExtensionHostMessage @ mainThreadConsole.ts:38
S @ rpcProtocol.ts:458
Q @ rpcProtocol.ts:443
M @ rpcProtocol.ts:373
L @ rpcProtocol.ts:299
(anonymous) @ rpcProtocol.ts:161
C @ event.ts:1219
fire @ event.ts:1250
fire @ ipc.net.ts:652
l.onmessage @ localProcessExtensionHost.ts:382
console.ts:137 [Extension Host] Error loading JS file charts.js: Error: ENOENT: no such file or directory, open '/Users/bleckwolf25/.vscode/extensions/bleckwolf25.code-pulse-2.0.0/src/web/scripts/charts.js'
    at Object.readFileSync (node:fs:443:20)
    at Object.t.readFileSync (node:electron/js2c/node_init:2:10960)
    at /Users/bleckwolf25/.vscode/extensions/bleckwolf25.code-pulse-2.0.0/dist/extension.js:332:423
    at Array.forEach (<anonymous>)
    at De.generateDashboardHTML (/Users/bleckwolf25/.vscode/extensions/bleckwolf25.code-pulse-2.0.0/dist/extension.js:332:337)
    at De.show (/Users/bleckwolf25/.vscode/extensions/bleckwolf25.code-pulse-2.0.0/dist/extension.js:322:3065)
    at /Users/bleckwolf25/.vscode/extensions/bleckwolf25.code-pulse-2.0.0/dist/extension.js:1195:55592
    at Ab.h (file:///Applications/Visual%20Studio%20Code.app/Contents/Resources/app/out/vs/workbench/api/node/extensionHostProcess.js:112:41572)
    at Ab.$executeContributedCommand (file:///Applications/Visual%20Studio%20Code.app/Contents/Resources/app/out/vs/workbench/api/node/extensionHostProcess.js:112:42463)
    at a4.S (file:///Applications/Visual%20Studio%20Code.app/Contents/Resources/app/out/vs/workbench/api/node/extensionHostProcess.js:29:117864)
    at a4.Q (file:///Applications/Visual%20Studio%20Code.app/Contents/Resources/app/out/vs/workbench/api/node/extensionHostProcess.js:29:117644)
    at a4.M (file:///Applications/Visual%20Studio%20Code.app/Contents/Resources/app/out/vs/workbench/api/node/extensionHostProcess.js:29:116733)
    at a4.L (file:///Applications/Visual%20Studio%20Code.app/Contents/Resources/app/out/vs/workbench/api/node/extensionHostProcess.js:29:115838)
    at Gh.value (file:///Applications/Visual%20Studio%20Code.app/Contents/Resources/app/out/vs/workbench/api/node/extensionHostProcess.js:29:114635)
    at $.C (file:///Applications/Visual%20Studio%20Code.app/Contents/Resources/app/out/vs/workbench/api/node/extensionHostProcess.js:27:2375)
    at $.fire (file:///Applications/Visual%20Studio%20Code.app/Contents/Resources/app/out/vs/workbench/api/node/extensionHostProcess.js:27:2593)
    at ao.fire (file:///Applications/Visual%20Studio%20Code.app/Contents/Resources/app/out/vs/workbench/api/node/extensionHostProcess.js:29:9459)
    at Gh.value (file:///Applications/Visual%20Studio%20Code.app/Contents/Resources/app/out/vs/workbench/api/node/extensionHostProcess.js:356:8152)
    at $.C (file:///Applications/Visual%20Studio%20Code.app/Contents/Resources/app/out/vs/workbench/api/node/extensionHostProcess.js:27:2375)
    at $.fire (file:///Applications/Visual%20Studio%20Code.app/Contents/Resources/app/out/vs/workbench/api/node/extensionHostProcess.js:27:2593)
    at ao.fire (file:///Applications/Visual%20Studio%20Code.app/Contents/Resources/app/out/vs/workbench/api/node/extensionHostProcess.js:29:9459)
    at MessagePortMain.<anonymous> (file:///Applications/Visual%20Studio%20Code.app/Contents/Resources/app/out/vs/workbench/api/node/extensionHostProcess.js:356:6444)
    at MessagePortMain.emit (node:events:518:28)
    at MessagePortMain.emit (node:domain:489:12)
    at Object.MessagePortMain._internalPort.emit (node:electron/js2c/utility_init:2:3073)
Tds @ console.ts:137
$logExtensionHostMessage @ mainThreadConsole.ts:39
S @ rpcProtocol.ts:458
Q @ rpcProtocol.ts:443
M @ rpcProtocol.ts:373
L @ rpcProtocol.ts:299
(anonymous) @ rpcProtocol.ts:161
C @ event.ts:1219
fire @ event.ts:1250
fire @ ipc.net.ts:652
l.onmessage @ localProcessExtensionHost.ts:382
log.ts:460   ERR [Extension Host] Error loading JS file advanced-filters.js: Error: ENOENT: no such file or directory, open '/Users/bleckwolf25/.vscode/extensions/bleckwolf25.code-pulse-2.0.0/src/web/scripts/advanced-filters.js'
    at Object.readFileSync (node:fs:443:20)
    at Object.t.readFileSync (node:electron/js2c/node_init:2:10960)
    at /Users/bleckwolf25/.vscode/extensions/bleckwolf25.code-pulse-2.0.0/dist/extension.js:332:423
    at Array.forEach (<anonymous>)
    at De.generateDashboardHTML (/Users/bleckwolf25/.vscode/extensions/bleckwolf25.code-pulse-2.0.0/dist/extension.js:332:337)
    at De.show (/Users/bleckwolf25/.vscode/extensions/bleckwolf25.code-pulse-2.0.0/dist/extension.js:322:3065)
    at /Users/bleckwolf25/.vscode/extensions/bleckwolf25.code-pulse-2.0.0/dist/extension.js:1195:55592
    at Ab.h (file:///Applications/Visual%20Studio%20Code.app/Contents/Resources/app/out/vs/workbench/api/node/extensionHostProcess.js:112:41572)
    at Ab.$executeContributedCommand (file:///Applications/Visual%20Studio%20Code.app/Contents/Resources/app/out/vs/workbench/api/node/extensionHostProcess.js:112:42463)
    at a4.S (file:///Applications/Visual%20Studio%20Code.app/Contents/Resources/app/out/vs/workbench/api/node/extensionHostProcess.js:29:117864)
    at a4.Q (file:///Applications/Visual%20Studio%20Code.app/Contents/Resources/app/out/vs/workbench/api/node/extensionHostProcess.js:29:117644)
    at a4.M (file:///Applications/Visual%20Studio%20Code.app/Contents/Resources/app/out/vs/workbench/api/node/extensionHostProcess.js:29:116733)
    at a4.L (file:///Applications/Visual%20Studio%20Code.app/Contents/Resources/app/out/vs/workbench/api/node/extensionHostProcess.js:29:115838)
    at Gh.value (file:///Applications/Visual%20Studio%20Code.app/Contents/Resources/app/out/vs/workbench/api/node/extensionHostProcess.js:29:114635)
    at $.C (file:///Applications/Visual%20Studio%20Code.app/Contents/Resources/app/out/vs/workbench/api/node/extensionHostProcess.js:27:2375)
    at $.fire (file:///Applications/Visual%20Studio%20Code.app/Contents/Resources/app/out/vs/workbench/api/node/extensionHostProcess.js:27:2593)
    at ao.fire (file:///Applications/Visual%20Studio%20Code.app/Contents/Resources/app/out/vs/workbench/api/node/extensionHostProcess.js:29:9459)
    at Gh.value (file:///Applications/Visual%20Studio%20Code.app/Contents/Resources/app/out/vs/workbench/api/node/extensionHostProcess.js:356:8152)
    at $.C (file:///Applications/Visual%20Studio%20Code.app/Contents/Resources/app/out/vs/workbench/api/node/extensionHostProcess.js:27:2375)
    at $.fire (file:///Applications/Visual%20Studio%20Code.app/Contents/Resources/app/out/vs/workbench/api/node/extensionHostProcess.js:27:2593)
    at ao.fire (file:///Applications/Visual%20Studio%20Code.app/Contents/Resources/app/out/vs/workbench/api/node/extensionHostProcess.js:29:9459)
    at MessagePortMain.<anonymous> (file:///Applications/Visual%20Studio%20Code.app/Contents/Resources/app/out/vs/workbench/api/node/extensionHostProcess.js:356:6444)
    at MessagePortMain.emit (node:events:518:28)
    at MessagePortMain.emit (node:domain:489:12)
    at Object.MessagePortMain._internalPort.emit (node:electron/js2c/utility_init:2:3073)
error @ log.ts:460
error @ log.ts:565
error @ logService.ts:51
Rds @ remoteConsoleUtil.ts:58
$logExtensionHostMessage @ mainThreadConsole.ts:38
S @ rpcProtocol.ts:458
Q @ rpcProtocol.ts:443
M @ rpcProtocol.ts:373
L @ rpcProtocol.ts:299
(anonymous) @ rpcProtocol.ts:161
C @ event.ts:1219
fire @ event.ts:1250
fire @ ipc.net.ts:652
l.onmessage @ localProcessExtensionHost.ts:382
console.ts:137 [Extension Host] Error loading JS file advanced-filters.js: Error: ENOENT: no such file or directory, open '/Users/bleckwolf25/.vscode/extensions/bleckwolf25.code-pulse-2.0.0/src/web/scripts/advanced-filters.js'
    at Object.readFileSync (node:fs:443:20)
    at Object.t.readFileSync (node:electron/js2c/node_init:2:10960)
    at /Users/bleckwolf25/.vscode/extensions/bleckwolf25.code-pulse-2.0.0/dist/extension.js:332:423
    at Array.forEach (<anonymous>)
    at De.generateDashboardHTML (/Users/bleckwolf25/.vscode/extensions/bleckwolf25.code-pulse-2.0.0/dist/extension.js:332:337)
    at De.show (/Users/bleckwolf25/.vscode/extensions/bleckwolf25.code-pulse-2.0.0/dist/extension.js:322:3065)
    at /Users/bleckwolf25/.vscode/extensions/bleckwolf25.code-pulse-2.0.0/dist/extension.js:1195:55592
    at Ab.h (file:///Applications/Visual%20Studio%20Code.app/Contents/Resources/app/out/vs/workbench/api/node/extensionHostProcess.js:112:41572)
    at Ab.$executeContributedCommand (file:///Applications/Visual%20Studio%20Code.app/Contents/Resources/app/out/vs/workbench/api/node/extensionHostProcess.js:112:42463)
    at a4.S (file:///Applications/Visual%20Studio%20Code.app/Contents/Resources/app/out/vs/workbench/api/node/extensionHostProcess.js:29:117864)
    at a4.Q (file:///Applications/Visual%20Studio%20Code.app/Contents/Resources/app/out/vs/workbench/api/node/extensionHostProcess.js:29:117644)
    at a4.M (file:///Applications/Visual%20Studio%20Code.app/Contents/Resources/app/out/vs/workbench/api/node/extensionHostProcess.js:29:116733)
    at a4.L (file:///Applications/Visual%20Studio%20Code.app/Contents/Resources/app/out/vs/workbench/api/node/extensionHostProcess.js:29:115838)
    at Gh.value (file:///Applications/Visual%20Studio%20Code.app/Contents/Resources/app/out/vs/workbench/api/node/extensionHostProcess.js:29:114635)
    at $.C (file:///Applications/Visual%20Studio%20Code.app/Contents/Resources/app/out/vs/workbench/api/node/extensionHostProcess.js:27:2375)
    at $.fire (file:///Applications/Visual%20Studio%20Code.app/Contents/Resources/app/out/vs/workbench/api/node/extensionHostProcess.js:27:2593)
    at ao.fire (file:///Applications/Visual%20Studio%20Code.app/Contents/Resources/app/out/vs/workbench/api/node/extensionHostProcess.js:29:9459)
    at Gh.value (file:///Applications/Visual%20Studio%20Code.app/Contents/Resources/app/out/vs/workbench/api/node/extensionHostProcess.js:356:8152)
    at $.C (file:///Applications/Visual%20Studio%20Code.app/Contents/Resources/app/out/vs/workbench/api/node/extensionHostProcess.js:27:2375)
    at $.fire (file:///Applications/Visual%20Studio%20Code.app/Contents/Resources/app/out/vs/workbench/api/node/extensionHostProcess.js:27:2593)
    at ao.fire (file:///Applications/Visual%20Studio%20Code.app/Contents/Resources/app/out/vs/workbench/api/node/extensionHostProcess.js:29:9459)
    at MessagePortMain.<anonymous> (file:///Applications/Visual%20Studio%20Code.app/Contents/Resources/app/out/vs/workbench/api/node/extensionHostProcess.js:356:6444)
    at MessagePortMain.emit (node:events:518:28)
    at MessagePortMain.emit (node:domain:489:12)
    at Object.MessagePortMain._internalPort.emit (node:electron/js2c/utility_init:2:3073)
Tds @ console.ts:137
$logExtensionHostMessage @ mainThreadConsole.ts:39
S @ rpcProtocol.ts:458
Q @ rpcProtocol.ts:443
M @ rpcProtocol.ts:373
L @ rpcProtocol.ts:299
(anonymous) @ rpcProtocol.ts:161
C @ event.ts:1219
fire @ event.ts:1250
fire @ ipc.net.ts:652
l.onmessage @ localProcessExtensionHost.ts:382
log.ts:460   ERR [Extension Host] Error loading JS file export-manager.js: Error: ENOENT: no such file or directory, open '/Users/bleckwolf25/.vscode/extensions/bleckwolf25.code-pulse-2.0.0/src/web/scripts/export-manager.js'
    at Object.readFileSync (node:fs:443:20)
    at Object.t.readFileSync (node:electron/js2c/node_init:2:10960)
    at /Users/bleckwolf25/.vscode/extensions/bleckwolf25.code-pulse-2.0.0/dist/extension.js:332:423
    at Array.forEach (<anonymous>)
    at De.generateDashboardHTML (/Users/bleckwolf25/.vscode/extensions/bleckwolf25.code-pulse-2.0.0/dist/extension.js:332:337)
    at De.show (/Users/bleckwolf25/.vscode/extensions/bleckwolf25.code-pulse-2.0.0/dist/extension.js:322:3065)
    at /Users/bleckwolf25/.vscode/extensions/bleckwolf25.code-pulse-2.0.0/dist/extension.js:1195:55592
    at Ab.h (file:///Applications/Visual%20Studio%20Code.app/Contents/Resources/app/out/vs/workbench/api/node/extensionHostProcess.js:112:41572)
    at Ab.$executeContributedCommand (file:///Applications/Visual%20Studio%20Code.app/Contents/Resources/app/out/vs/workbench/api/node/extensionHostProcess.js:112:42463)
    at a4.S (file:///Applications/Visual%20Studio%20Code.app/Contents/Resources/app/out/vs/workbench/api/node/extensionHostProcess.js:29:117864)
    at a4.Q (file:///Applications/Visual%20Studio%20Code.app/Contents/Resources/app/out/vs/workbench/api/node/extensionHostProcess.js:29:117644)
    at a4.M (file:///Applications/Visual%20Studio%20Code.app/Contents/Resources/app/out/vs/workbench/api/node/extensionHostProcess.js:29:116733)
    at a4.L (file:///Applications/Visual%20Studio%20Code.app/Contents/Resources/app/out/vs/workbench/api/node/extensionHostProcess.js:29:115838)
    at Gh.value (file:///Applications/Visual%20Studio%20Code.app/Contents/Resources/app/out/vs/workbench/api/node/extensionHostProcess.js:29:114635)
    at $.C (file:///Applications/Visual%20Studio%20Code.app/Contents/Resources/app/out/vs/workbench/api/node/extensionHostProcess.js:27:2375)
    at $.fire (file:///Applications/Visual%20Studio%20Code.app/Contents/Resources/app/out/vs/workbench/api/node/extensionHostProcess.js:27:2593)
    at ao.fire (file:///Applications/Visual%20Studio%20Code.app/Contents/Resources/app/out/vs/workbench/api/node/extensionHostProcess.js:29:9459)
    at Gh.value (file:///Applications/Visual%20Studio%20Code.app/Contents/Resources/app/out/vs/workbench/api/node/extensionHostProcess.js:356:8152)
    at $.C (file:///Applications/Visual%20Studio%20Code.app/Contents/Resources/app/out/vs/workbench/api/node/extensionHostProcess.js:27:2375)
    at $.fire (file:///Applications/Visual%20Studio%20Code.app/Contents/Resources/app/out/vs/workbench/api/node/extensionHostProcess.js:27:2593)
    at ao.fire (file:///Applications/Visual%20Studio%20Code.app/Contents/Resources/app/out/vs/workbench/api/node/extensionHostProcess.js:29:9459)
    at MessagePortMain.<anonymous> (file:///Applications/Visual%20Studio%20Code.app/Contents/Resources/app/out/vs/workbench/api/node/extensionHostProcess.js:356:6444)
    at MessagePortMain.emit (node:events:518:28)
    at MessagePortMain.emit (node:domain:489:12)
    at Object.MessagePortMain._internalPort.emit (node:electron/js2c/utility_init:2:3073)
error @ log.ts:460
error @ log.ts:565
error @ logService.ts:51
Rds @ remoteConsoleUtil.ts:58
$logExtensionHostMessage @ mainThreadConsole.ts:38
S @ rpcProtocol.ts:458
Q @ rpcProtocol.ts:443
M @ rpcProtocol.ts:373
L @ rpcProtocol.ts:299
(anonymous) @ rpcProtocol.ts:161
C @ event.ts:1219
fire @ event.ts:1250
fire @ ipc.net.ts:652
l.onmessage @ localProcessExtensionHost.ts:382
console.ts:137 [Extension Host] Error loading JS file export-manager.js: Error: ENOENT: no such file or directory, open '/Users/bleckwolf25/.vscode/extensions/bleckwolf25.code-pulse-2.0.0/src/web/scripts/export-manager.js'
    at Object.readFileSync (node:fs:443:20)
    at Object.t.readFileSync (node:electron/js2c/node_init:2:10960)
    at /Users/bleckwolf25/.vscode/extensions/bleckwolf25.code-pulse-2.0.0/dist/extension.js:332:423
    at Array.forEach (<anonymous>)
    at De.generateDashboardHTML (/Users/bleckwolf25/.vscode/extensions/bleckwolf25.code-pulse-2.0.0/dist/extension.js:332:337)
    at De.show (/Users/bleckwolf25/.vscode/extensions/bleckwolf25.code-pulse-2.0.0/dist/extension.js:322:3065)
    at /Users/bleckwolf25/.vscode/extensions/bleckwolf25.code-pulse-2.0.0/dist/extension.js:1195:55592
    at Ab.h (file:///Applications/Visual%20Studio%20Code.app/Contents/Resources/app/out/vs/workbench/api/node/extensionHostProcess.js:112:41572)
    at Ab.$executeContributedCommand (file:///Applications/Visual%20Studio%20Code.app/Contents/Resources/app/out/vs/workbench/api/node/extensionHostProcess.js:112:42463)
    at a4.S (file:///Applications/Visual%20Studio%20Code.app/Contents/Resources/app/out/vs/workbench/api/node/extensionHostProcess.js:29:117864)
    at a4.Q (file:///Applications/Visual%20Studio%20Code.app/Contents/Resources/app/out/vs/workbench/api/node/extensionHostProcess.js:29:117644)
    at a4.M (file:///Applications/Visual%20Studio%20Code.app/Contents/Resources/app/out/vs/workbench/api/node/extensionHostProcess.js:29:116733)
    at a4.L (file:///Applications/Visual%20Studio%20Code.app/Contents/Resources/app/out/vs/workbench/api/node/extensionHostProcess.js:29:115838)
    at Gh.value (file:///Applications/Visual%20Studio%20Code.app/Contents/Resources/app/out/vs/workbench/api/node/extensionHostProcess.js:29:114635)
    at $.C (file:///Applications/Visual%20Studio%20Code.app/Contents/Resources/app/out/vs/workbench/api/node/extensionHostProcess.js:27:2375)
    at $.fire (file:///Applications/Visual%20Studio%20Code.app/Contents/Resources/app/out/vs/workbench/api/node/extensionHostProcess.js:27:2593)
    at ao.fire (file:///Applications/Visual%20Studio%20Code.app/Contents/Resources/app/out/vs/workbench/api/node/extensionHostProcess.js:29:9459)
    at Gh.value (file:///Applications/Visual%20Studio%20Code.app/Contents/Resources/app/out/vs/workbench/api/node/extensionHostProcess.js:356:8152)
    at $.C (file:///Applications/Visual%20Studio%20Code.app/Contents/Resources/app/out/vs/workbench/api/node/extensionHostProcess.js:27:2375)
    at $.fire (file:///Applications/Visual%20Studio%20Code.app/Contents/Resources/app/out/vs/workbench/api/node/extensionHostProcess.js:27:2593)
    at ao.fire (file:///Applications/Visual%20Studio%20Code.app/Contents/Resources/app/out/vs/workbench/api/node/extensionHostProcess.js:29:9459)
    at MessagePortMain.<anonymous> (file:///Applications/Visual%20Studio%20Code.app/Contents/Resources/app/out/vs/workbench/api/node/extensionHostProcess.js:356:6444)
    at MessagePortMain.emit (node:events:518:28)
    at MessagePortMain.emit (node:domain:489:12)
    at Object.MessagePortMain._internalPort.emit (node:electron/js2c/utility_init:2:3073)
Tds @ console.ts:137
$logExtensionHostMessage @ mainThreadConsole.ts:39
S @ rpcProtocol.ts:458
Q @ rpcProtocol.ts:443
M @ rpcProtocol.ts:373
L @ rpcProtocol.ts:299
(anonymous) @ rpcProtocol.ts:161
C @ event.ts:1219
fire @ event.ts:1250
fire @ ipc.net.ts:652
l.onmessage @ localProcessExtensionHost.ts:382
log.ts:460   ERR [Extension Host] Error loading JS file goal-manager.js: Error: ENOENT: no such file or directory, open '/Users/bleckwolf25/.vscode/extensions/bleckwolf25.code-pulse-2.0.0/src/web/scripts/goal-manager.js'
    at Object.readFileSync (node:fs:443:20)
    at Object.t.readFileSync (node:electron/js2c/node_init:2:10960)
    at /Users/bleckwolf25/.vscode/extensions/bleckwolf25.code-pulse-2.0.0/dist/extension.js:332:423
    at Array.forEach (<anonymous>)
    at De.generateDashboardHTML (/Users/bleckwolf25/.vscode/extensions/bleckwolf25.code-pulse-2.0.0/dist/extension.js:332:337)
    at De.show (/Users/bleckwolf25/.vscode/extensions/bleckwolf25.code-pulse-2.0.0/dist/extension.js:322:3065)
    at /Users/bleckwolf25/.vscode/extensions/bleckwolf25.code-pulse-2.0.0/dist/extension.js:1195:55592
    at Ab.h (file:///Applications/Visual%20Studio%20Code.app/Contents/Resources/app/out/vs/workbench/api/node/extensionHostProcess.js:112:41572)
    at Ab.$executeContributedCommand (file:///Applications/Visual%20Studio%20Code.app/Contents/Resources/app/out/vs/workbench/api/node/extensionHostProcess.js:112:42463)
    at a4.S (file:///Applications/Visual%20Studio%20Code.app/Contents/Resources/app/out/vs/workbench/api/node/extensionHostProcess.js:29:117864)
    at a4.Q (file:///Applications/Visual%20Studio%20Code.app/Contents/Resources/app/out/vs/workbench/api/node/extensionHostProcess.js:29:117644)
    at a4.M (file:///Applications/Visual%20Studio%20Code.app/Contents/Resources/app/out/vs/workbench/api/node/extensionHostProcess.js:29:116733)
    at a4.L (file:///Applications/Visual%20Studio%20Code.app/Contents/Resources/app/out/vs/workbench/api/node/extensionHostProcess.js:29:115838)
    at Gh.value (file:///Applications/Visual%20Studio%20Code.app/Contents/Resources/app/out/vs/workbench/api/node/extensionHostProcess.js:29:114635)
    at $.C (file:///Applications/Visual%20Studio%20Code.app/Contents/Resources/app/out/vs/workbench/api/node/extensionHostProcess.js:27:2375)
    at $.fire (file:///Applications/Visual%20Studio%20Code.app/Contents/Resources/app/out/vs/workbench/api/node/extensionHostProcess.js:27:2593)
    at ao.fire (file:///Applications/Visual%20Studio%20Code.app/Contents/Resources/app/out/vs/workbench/api/node/extensionHostProcess.js:29:9459)
    at Gh.value (file:///Applications/Visual%20Studio%20Code.app/Contents/Resources/app/out/vs/workbench/api/node/extensionHostProcess.js:356:8152)
    at $.C (file:///Applications/Visual%20Studio%20Code.app/Contents/Resources/app/out/vs/workbench/api/node/extensionHostProcess.js:27:2375)
    at $.fire (file:///Applications/Visual%20Studio%20Code.app/Contents/Resources/app/out/vs/workbench/api/node/extensionHostProcess.js:27:2593)
    at ao.fire (file:///Applications/Visual%20Studio%20Code.app/Contents/Resources/app/out/vs/workbench/api/node/extensionHostProcess.js:29:9459)
    at MessagePortMain.<anonymous> (file:///Applications/Visual%20Studio%20Code.app/Contents/Resources/app/out/vs/workbench/api/node/extensionHostProcess.js:356:6444)
    at MessagePortMain.emit (node:events:518:28)
    at MessagePortMain.emit (node:domain:489:12)
    at Object.MessagePortMain._internalPort.emit (node:electron/js2c/utility_init:2:3073)
error @ log.ts:460
error @ log.ts:565
error @ logService.ts:51
Rds @ remoteConsoleUtil.ts:58
$logExtensionHostMessage @ mainThreadConsole.ts:38
S @ rpcProtocol.ts:458
Q @ rpcProtocol.ts:443
M @ rpcProtocol.ts:373
L @ rpcProtocol.ts:299
(anonymous) @ rpcProtocol.ts:161
C @ event.ts:1219
fire @ event.ts:1250
fire @ ipc.net.ts:652
l.onmessage @ localProcessExtensionHost.ts:382
console.ts:137 [Extension Host] Error loading JS file goal-manager.js: Error: ENOENT: no such file or directory, open '/Users/bleckwolf25/.vscode/extensions/bleckwolf25.code-pulse-2.0.0/src/web/scripts/goal-manager.js'
    at Object.readFileSync (node:fs:443:20)
    at Object.t.readFileSync (node:electron/js2c/node_init:2:10960)
    at /Users/bleckwolf25/.vscode/extensions/bleckwolf25.code-pulse-2.0.0/dist/extension.js:332:423
    at Array.forEach (<anonymous>)
    at De.generateDashboardHTML (/Users/bleckwolf25/.vscode/extensions/bleckwolf25.code-pulse-2.0.0/dist/extension.js:332:337)
    at De.show (/Users/bleckwolf25/.vscode/extensions/bleckwolf25.code-pulse-2.0.0/dist/extension.js:322:3065)
    at /Users/bleckwolf25/.vscode/extensions/bleckwolf25.code-pulse-2.0.0/dist/extension.js:1195:55592
    at Ab.h (file:///Applications/Visual%20Studio%20Code.app/Contents/Resources/app/out/vs/workbench/api/node/extensionHostProcess.js:112:41572)
    at Ab.$executeContributedCommand (file:///Applications/Visual%20Studio%20Code.app/Contents/Resources/app/out/vs/workbench/api/node/extensionHostProcess.js:112:42463)
    at a4.S (file:///Applications/Visual%20Studio%20Code.app/Contents/Resources/app/out/vs/workbench/api/node/extensionHostProcess.js:29:117864)
    at a4.Q (file:///Applications/Visual%20Studio%20Code.app/Contents/Resources/app/out/vs/workbench/api/node/extensionHostProcess.js:29:117644)
    at a4.M (file:///Applications/Visual%20Studio%20Code.app/Contents/Resources/app/out/vs/workbench/api/node/extensionHostProcess.js:29:116733)
    at a4.L (file:///Applications/Visual%20Studio%20Code.app/Contents/Resources/app/out/vs/workbench/api/node/extensionHostProcess.js:29:115838)
    at Gh.value (file:///Applications/Visual%20Studio%20Code.app/Contents/Resources/app/out/vs/workbench/api/node/extensionHostProcess.js:29:114635)
    at $.C (file:///Applications/Visual%20Studio%20Code.app/Contents/Resources/app/out/vs/workbench/api/node/extensionHostProcess.js:27:2375)
    at $.fire (file:///Applications/Visual%20Studio%20Code.app/Contents/Resources/app/out/vs/workbench/api/node/extensionHostProcess.js:27:2593)
    at ao.fire (file:///Applications/Visual%20Studio%20Code.app/Contents/Resources/app/out/vs/workbench/api/node/extensionHostProcess.js:29:9459)
    at Gh.value (file:///Applications/Visual%20Studio%20Code.app/Contents/Resources/app/out/vs/workbench/api/node/extensionHostProcess.js:356:8152)
    at $.C (file:///Applications/Visual%20Studio%20Code.app/Contents/Resources/app/out/vs/workbench/api/node/extensionHostProcess.js:27:2375)
    at $.fire (file:///Applications/Visual%20Studio%20Code.app/Contents/Resources/app/out/vs/workbench/api/node/extensionHostProcess.js:27:2593)
    at ao.fire (file:///Applications/Visual%20Studio%20Code.app/Contents/Resources/app/out/vs/workbench/api/node/extensionHostProcess.js:29:9459)
    at MessagePortMain.<anonymous> (file:///Applications/Visual%20Studio%20Code.app/Contents/Resources/app/out/vs/workbench/api/node/extensionHostProcess.js:356:6444)
    at MessagePortMain.emit (node:events:518:28)
    at MessagePortMain.emit (node:domain:489:12)
    at Object.MessagePortMain._internalPort.emit (node:electron/js2c/utility_init:2:3073)
Tds @ console.ts:137
$logExtensionHostMessage @ mainThreadConsole.ts:39
S @ rpcProtocol.ts:458
Q @ rpcProtocol.ts:443
M @ rpcProtocol.ts:373
L @ rpcProtocol.ts:299
(anonymous) @ rpcProtocol.ts:161
C @ event.ts:1219
fire @ event.ts:1250
fire @ ipc.net.ts:652
l.onmessage @ localProcessExtensionHost.ts:382
log.ts:460   ERR [Extension Host] Error loading JS file historical-analytics.js: Error: ENOENT: no such file or directory, open '/Users/bleckwolf25/.vscode/extensions/bleckwolf25.code-pulse-2.0.0/src/web/scripts/historical-analytics.js'
    at Object.readFileSync (node:fs:443:20)
    at Object.t.readFileSync (node:electron/js2c/node_init:2:10960)
    at /Users/bleckwolf25/.vscode/extensions/bleckwolf25.code-pulse-2.0.0/dist/extension.js:332:423
    at Array.forEach (<anonymous>)
    at De.generateDashboardHTML (/Users/bleckwolf25/.vscode/extensions/bleckwolf25.code-pulse-2.0.0/dist/extension.js:332:337)
    at De.show (/Users/bleckwolf25/.vscode/extensions/bleckwolf25.code-pulse-2.0.0/dist/extension.js:322:3065)
    at /Users/bleckwolf25/.vscode/extensions/bleckwolf25.code-pulse-2.0.0/dist/extension.js:1195:55592
    at Ab.h (file:///Applications/Visual%20Studio%20Code.app/Contents/Resources/app/out/vs/workbench/api/node/extensionHostProcess.js:112:41572)
    at Ab.$executeContributedCommand (file:///Applications/Visual%20Studio%20Code.app/Contents/Resources/app/out/vs/workbench/api/node/extensionHostProcess.js:112:42463)
    at a4.S (file:///Applications/Visual%20Studio%20Code.app/Contents/Resources/app/out/vs/workbench/api/node/extensionHostProcess.js:29:117864)
    at a4.Q (file:///Applications/Visual%20Studio%20Code.app/Contents/Resources/app/out/vs/workbench/api/node/extensionHostProcess.js:29:117644)
    at a4.M (file:///Applications/Visual%20Studio%20Code.app/Contents/Resources/app/out/vs/workbench/api/node/extensionHostProcess.js:29:116733)
    at a4.L (file:///Applications/Visual%20Studio%20Code.app/Contents/Resources/app/out/vs/workbench/api/node/extensionHostProcess.js:29:115838)
    at Gh.value (file:///Applications/Visual%20Studio%20Code.app/Contents/Resources/app/out/vs/workbench/api/node/extensionHostProcess.js:29:114635)
    at $.C (file:///Applications/Visual%20Studio%20Code.app/Contents/Resources/app/out/vs/workbench/api/node/extensionHostProcess.js:27:2375)
    at $.fire (file:///Applications/Visual%20Studio%20Code.app/Contents/Resources/app/out/vs/workbench/api/node/extensionHostProcess.js:27:2593)
    at ao.fire (file:///Applications/Visual%20Studio%20Code.app/Contents/Resources/app/out/vs/workbench/api/node/extensionHostProcess.js:29:9459)
    at Gh.value (file:///Applications/Visual%20Studio%20Code.app/Contents/Resources/app/out/vs/workbench/api/node/extensionHostProcess.js:356:8152)
    at $.C (file:///Applications/Visual%20Studio%20Code.app/Contents/Resources/app/out/vs/workbench/api/node/extensionHostProcess.js:27:2375)
    at $.fire (file:///Applications/Visual%20Studio%20Code.app/Contents/Resources/app/out/vs/workbench/api/node/extensionHostProcess.js:27:2593)
    at ao.fire (file:///Applications/Visual%20Studio%20Code.app/Contents/Resources/app/out/vs/workbench/api/node/extensionHostProcess.js:29:9459)
    at MessagePortMain.<anonymous> (file:///Applications/Visual%20Studio%20Code.app/Contents/Resources/app/out/vs/workbench/api/node/extensionHostProcess.js:356:6444)
    at MessagePortMain.emit (node:events:518:28)
    at MessagePortMain.emit (node:domain:489:12)
    at Object.MessagePortMain._internalPort.emit (node:electron/js2c/utility_init:2:3073)
error @ log.ts:460
error @ log.ts:565
error @ logService.ts:51
Rds @ remoteConsoleUtil.ts:58
$logExtensionHostMessage @ mainThreadConsole.ts:38
S @ rpcProtocol.ts:458
Q @ rpcProtocol.ts:443
M @ rpcProtocol.ts:373
L @ rpcProtocol.ts:299
(anonymous) @ rpcProtocol.ts:161
C @ event.ts:1219
fire @ event.ts:1250
fire @ ipc.net.ts:652
l.onmessage @ localProcessExtensionHost.ts:382
console.ts:137 [Extension Host] Error loading JS file historical-analytics.js: Error: ENOENT: no such file or directory, open '/Users/bleckwolf25/.vscode/extensions/bleckwolf25.code-pulse-2.0.0/src/web/scripts/historical-analytics.js'
    at Object.readFileSync (node:fs:443:20)
    at Object.t.readFileSync (node:electron/js2c/node_init:2:10960)
    at /Users/bleckwolf25/.vscode/extensions/bleckwolf25.code-pulse-2.0.0/dist/extension.js:332:423
    at Array.forEach (<anonymous>)
    at De.generateDashboardHTML (/Users/bleckwolf25/.vscode/extensions/bleckwolf25.code-pulse-2.0.0/dist/extension.js:332:337)
    at De.show (/Users/bleckwolf25/.vscode/extensions/bleckwolf25.code-pulse-2.0.0/dist/extension.js:322:3065)
    at /Users/bleckwolf25/.vscode/extensions/bleckwolf25.code-pulse-2.0.0/dist/extension.js:1195:55592
    at Ab.h (file:///Applications/Visual%20Studio%20Code.app/Contents/Resources/app/out/vs/workbench/api/node/extensionHostProcess.js:112:41572)
    at Ab.$executeContributedCommand (file:///Applications/Visual%20Studio%20Code.app/Contents/Resources/app/out/vs/workbench/api/node/extensionHostProcess.js:112:42463)
    at a4.S (file:///Applications/Visual%20Studio%20Code.app/Contents/Resources/app/out/vs/workbench/api/node/extensionHostProcess.js:29:117864)
    at a4.Q (file:///Applications/Visual%20Studio%20Code.app/Contents/Resources/app/out/vs/workbench/api/node/extensionHostProcess.js:29:117644)
    at a4.M (file:///Applications/Visual%20Studio%20Code.app/Contents/Resources/app/out/vs/workbench/api/node/extensionHostProcess.js:29:116733)
    at a4.L (file:///Applications/Visual%20Studio%20Code.app/Contents/Resources/app/out/vs/workbench/api/node/extensionHostProcess.js:29:115838)
    at Gh.value (file:///Applications/Visual%20Studio%20Code.app/Contents/Resources/app/out/vs/workbench/api/node/extensionHostProcess.js:29:114635)
    at $.C (file:///Applications/Visual%20Studio%20Code.app/Contents/Resources/app/out/vs/workbench/api/node/extensionHostProcess.js:27:2375)
    at $.fire (file:///Applications/Visual%20Studio%20Code.app/Contents/Resources/app/out/vs/workbench/api/node/extensionHostProcess.js:27:2593)
    at ao.fire (file:///Applications/Visual%20Studio%20Code.app/Contents/Resources/app/out/vs/workbench/api/node/extensionHostProcess.js:29:9459)
    at Gh.value (file:///Applications/Visual%20Studio%20Code.app/Contents/Resources/app/out/vs/workbench/api/node/extensionHostProcess.js:356:8152)
    at $.C (file:///Applications/Visual%20Studio%20Code.app/Contents/Resources/app/out/vs/workbench/api/node/extensionHostProcess.js:27:2375)
    at $.fire (file:///Applications/Visual%20Studio%20Code.app/Contents/Resources/app/out/vs/workbench/api/node/extensionHostProcess.js:27:2593)
    at ao.fire (file:///Applications/Visual%20Studio%20Code.app/Contents/Resources/app/out/vs/workbench/api/node/extensionHostProcess.js:29:9459)
    at MessagePortMain.<anonymous> (file:///Applications/Visual%20Studio%20Code.app/Contents/Resources/app/out/vs/workbench/api/node/extensionHostProcess.js:356:6444)
    at MessagePortMain.emit (node:events:518:28)
    at MessagePortMain.emit (node:domain:489:12)
    at Object.MessagePortMain._internalPort.emit (node:electron/js2c/utility_init:2:3073)
Tds @ console.ts:137
$logExtensionHostMessage @ mainThreadConsole.ts:39
S @ rpcProtocol.ts:458
Q @ rpcProtocol.ts:443
M @ rpcProtocol.ts:373
L @ rpcProtocol.ts:299
(anonymous) @ rpcProtocol.ts:161
C @ event.ts:1219
fire @ event.ts:1250
fire @ ipc.net.ts:652
l.onmessage @ localProcessExtensionHost.ts:382
log.ts:460   ERR [Extension Host] Error loading JS file reporting-manager.js: Error: ENOENT: no such file or directory, open '/Users/bleckwolf25/.vscode/extensions/bleckwolf25.code-pulse-2.0.0/src/web/scripts/reporting-manager.js'
    at Object.readFileSync (node:fs:443:20)
    at Object.t.readFileSync (node:electron/js2c/node_init:2:10960)
    at /Users/bleckwolf25/.vscode/extensions/bleckwolf25.code-pulse-2.0.0/dist/extension.js:332:423
    at Array.forEach (<anonymous>)
    at De.generateDashboardHTML (/Users/bleckwolf25/.vscode/extensions/bleckwolf25.code-pulse-2.0.0/dist/extension.js:332:337)
    at De.show (/Users/bleckwolf25/.vscode/extensions/bleckwolf25.code-pulse-2.0.0/dist/extension.js:322:3065)
    at /Users/bleckwolf25/.vscode/extensions/bleckwolf25.code-pulse-2.0.0/dist/extension.js:1195:55592
    at Ab.h (file:///Applications/Visual%20Studio%20Code.app/Contents/Resources/app/out/vs/workbench/api/node/extensionHostProcess.js:112:41572)
    at Ab.$executeContributedCommand (file:///Applications/Visual%20Studio%20Code.app/Contents/Resources/app/out/vs/workbench/api/node/extensionHostProcess.js:112:42463)
    at a4.S (file:///Applications/Visual%20Studio%20Code.app/Contents/Resources/app/out/vs/workbench/api/node/extensionHostProcess.js:29:117864)
    at a4.Q (file:///Applications/Visual%20Studio%20Code.app/Contents/Resources/app/out/vs/workbench/api/node/extensionHostProcess.js:29:117644)
    at a4.M (file:///Applications/Visual%20Studio%20Code.app/Contents/Resources/app/out/vs/workbench/api/node/extensionHostProcess.js:29:116733)
    at a4.L (file:///Applications/Visual%20Studio%20Code.app/Contents/Resources/app/out/vs/workbench/api/node/extensionHostProcess.js:29:115838)
    at Gh.value (file:///Applications/Visual%20Studio%20Code.app/Contents/Resources/app/out/vs/workbench/api/node/extensionHostProcess.js:29:114635)
    at $.C (file:///Applications/Visual%20Studio%20Code.app/Contents/Resources/app/out/vs/workbench/api/node/extensionHostProcess.js:27:2375)
    at $.fire (file:///Applications/Visual%20Studio%20Code.app/Contents/Resources/app/out/vs/workbench/api/node/extensionHostProcess.js:27:2593)
    at ao.fire (file:///Applications/Visual%20Studio%20Code.app/Contents/Resources/app/out/vs/workbench/api/node/extensionHostProcess.js:29:9459)
    at Gh.value (file:///Applications/Visual%20Studio%20Code.app/Contents/Resources/app/out/vs/workbench/api/node/extensionHostProcess.js:356:8152)
    at $.C (file:///Applications/Visual%20Studio%20Code.app/Contents/Resources/app/out/vs/workbench/api/node/extensionHostProcess.js:27:2375)
    at $.fire (file:///Applications/Visual%20Studio%20Code.app/Contents/Resources/app/out/vs/workbench/api/node/extensionHostProcess.js:27:2593)
    at ao.fire (file:///Applications/Visual%20Studio%20Code.app/Contents/Resources/app/out/vs/workbench/api/node/extensionHostProcess.js:29:9459)
    at MessagePortMain.<anonymous> (file:///Applications/Visual%20Studio%20Code.app/Contents/Resources/app/out/vs/workbench/api/node/extensionHostProcess.js:356:6444)
    at MessagePortMain.emit (node:events:518:28)
    at MessagePortMain.emit (node:domain:489:12)
    at Object.MessagePortMain._internalPort.emit (node:electron/js2c/utility_init:2:3073)
error @ log.ts:460
error @ log.ts:565
error @ logService.ts:51
Rds @ remoteConsoleUtil.ts:58
$logExtensionHostMessage @ mainThreadConsole.ts:38
S @ rpcProtocol.ts:458
Q @ rpcProtocol.ts:443
M @ rpcProtocol.ts:373
L @ rpcProtocol.ts:299
(anonymous) @ rpcProtocol.ts:161
C @ event.ts:1219
fire @ event.ts:1250
fire @ ipc.net.ts:652
l.onmessage @ localProcessExtensionHost.ts:382
console.ts:137 [Extension Host] Error loading JS file reporting-manager.js: Error: ENOENT: no such file or directory, open '/Users/bleckwolf25/.vscode/extensions/bleckwolf25.code-pulse-2.0.0/src/web/scripts/reporting-manager.js'
    at Object.readFileSync (node:fs:443:20)
    at Object.t.readFileSync (node:electron/js2c/node_init:2:10960)
    at /Users/bleckwolf25/.vscode/extensions/bleckwolf25.code-pulse-2.0.0/dist/extension.js:332:423
    at Array.forEach (<anonymous>)
    at De.generateDashboardHTML (/Users/bleckwolf25/.vscode/extensions/bleckwolf25.code-pulse-2.0.0/dist/extension.js:332:337)
    at De.show (/Users/bleckwolf25/.vscode/extensions/bleckwolf25.code-pulse-2.0.0/dist/extension.js:322:3065)
    at /Users/bleckwolf25/.vscode/extensions/bleckwolf25.code-pulse-2.0.0/dist/extension.js:1195:55592
    at Ab.h (file:///Applications/Visual%20Studio%20Code.app/Contents/Resources/app/out/vs/workbench/api/node/extensionHostProcess.js:112:41572)
    at Ab.$executeContributedCommand (file:///Applications/Visual%20Studio%20Code.app/Contents/Resources/app/out/vs/workbench/api/node/extensionHostProcess.js:112:42463)
    at a4.S (file:///Applications/Visual%20Studio%20Code.app/Contents/Resources/app/out/vs/workbench/api/node/extensionHostProcess.js:29:117864)
    at a4.Q (file:///Applications/Visual%20Studio%20Code.app/Contents/Resources/app/out/vs/workbench/api/node/extensionHostProcess.js:29:117644)
    at a4.M (file:///Applications/Visual%20Studio%20Code.app/Contents/Resources/app/out/vs/workbench/api/node/extensionHostProcess.js:29:116733)
    at a4.L (file:///Applications/Visual%20Studio%20Code.app/Contents/Resources/app/out/vs/workbench/api/node/extensionHostProcess.js:29:115838)
    at Gh.value (file:///Applications/Visual%20Studio%20Code.app/Contents/Resources/app/out/vs/workbench/api/node/extensionHostProcess.js:29:114635)
    at $.C (file:///Applications/Visual%20Studio%20Code.app/Contents/Resources/app/out/vs/workbench/api/node/extensionHostProcess.js:27:2375)
    at $.fire (file:///Applications/Visual%20Studio%20Code.app/Contents/Resources/app/out/vs/workbench/api/node/extensionHostProcess.js:27:2593)
    at ao.fire (file:///Applications/Visual%20Studio%20Code.app/Contents/Resources/app/out/vs/workbench/api/node/extensionHostProcess.js:29:9459)
    at Gh.value (file:///Applications/Visual%20Studio%20Code.app/Contents/Resources/app/out/vs/workbench/api/node/extensionHostProcess.js:356:8152)
    at $.C (file:///Applications/Visual%20Studio%20Code.app/Contents/Resources/app/out/vs/workbench/api/node/extensionHostProcess.js:27:2375)
    at $.fire (file:///Applications/Visual%20Studio%20Code.app/Contents/Resources/app/out/vs/workbench/api/node/extensionHostProcess.js:27:2593)
    at ao.fire (file:///Applications/Visual%20Studio%20Code.app/Contents/Resources/app/out/vs/workbench/api/node/extensionHostProcess.js:29:9459)
    at MessagePortMain.<anonymous> (file:///Applications/Visual%20Studio%20Code.app/Contents/Resources/app/out/vs/workbench/api/node/extensionHostProcess.js:356:6444)
    at MessagePortMain.emit (node:events:518:28)
    at MessagePortMain.emit (node:domain:489:12)
    at Object.MessagePortMain._internalPort.emit (node:electron/js2c/utility_init:2:3073)
Tds @ console.ts:137
$logExtensionHostMessage @ mainThreadConsole.ts:39
S @ rpcProtocol.ts:458
Q @ rpcProtocol.ts:443
M @ rpcProtocol.ts:373
L @ rpcProtocol.ts:299
(anonymous) @ rpcProtocol.ts:161
C @ event.ts:1219
fire @ event.ts:1250
fire @ ipc.net.ts:652
l.onmessage @ localProcessExtensionHost.ts:382
log.ts:460   ERR [Extension Host] Error loading JS file error-monitoring.js: Error: ENOENT: no such file or directory, open '/Users/bleckwolf25/.vscode/extensions/bleckwolf25.code-pulse-2.0.0/src/web/scripts/error-monitoring.js'
    at Object.readFileSync (node:fs:443:20)
    at Object.t.readFileSync (node:electron/js2c/node_init:2:10960)
    at /Users/bleckwolf25/.vscode/extensions/bleckwolf25.code-pulse-2.0.0/dist/extension.js:332:423
    at Array.forEach (<anonymous>)
    at De.generateDashboardHTML (/Users/bleckwolf25/.vscode/extensions/bleckwolf25.code-pulse-2.0.0/dist/extension.js:332:337)
    at De.show (/Users/bleckwolf25/.vscode/extensions/bleckwolf25.code-pulse-2.0.0/dist/extension.js:322:3065)
    at /Users/bleckwolf25/.vscode/extensions/bleckwolf25.code-pulse-2.0.0/dist/extension.js:1195:55592
    at Ab.h (file:///Applications/Visual%20Studio%20Code.app/Contents/Resources/app/out/vs/workbench/api/node/extensionHostProcess.js:112:41572)
    at Ab.$executeContributedCommand (file:///Applications/Visual%20Studio%20Code.app/Contents/Resources/app/out/vs/workbench/api/node/extensionHostProcess.js:112:42463)
    at a4.S (file:///Applications/Visual%20Studio%20Code.app/Contents/Resources/app/out/vs/workbench/api/node/extensionHostProcess.js:29:117864)
    at a4.Q (file:///Applications/Visual%20Studio%20Code.app/Contents/Resources/app/out/vs/workbench/api/node/extensionHostProcess.js:29:117644)
    at a4.M (file:///Applications/Visual%20Studio%20Code.app/Contents/Resources/app/out/vs/workbench/api/node/extensionHostProcess.js:29:116733)
    at a4.L (file:///Applications/Visual%20Studio%20Code.app/Contents/Resources/app/out/vs/workbench/api/node/extensionHostProcess.js:29:115838)
    at Gh.value (file:///Applications/Visual%20Studio%20Code.app/Contents/Resources/app/out/vs/workbench/api/node/extensionHostProcess.js:29:114635)
    at $.C (file:///Applications/Visual%20Studio%20Code.app/Contents/Resources/app/out/vs/workbench/api/node/extensionHostProcess.js:27:2375)
    at $.fire (file:///Applications/Visual%20Studio%20Code.app/Contents/Resources/app/out/vs/workbench/api/node/extensionHostProcess.js:27:2593)
    at ao.fire (file:///Applications/Visual%20Studio%20Code.app/Contents/Resources/app/out/vs/workbench/api/node/extensionHostProcess.js:29:9459)
    at Gh.value (file:///Applications/Visual%20Studio%20Code.app/Contents/Resources/app/out/vs/workbench/api/node/extensionHostProcess.js:356:8152)
    at $.C (file:///Applications/Visual%20Studio%20Code.app/Contents/Resources/app/out/vs/workbench/api/node/extensionHostProcess.js:27:2375)
    at $.fire (file:///Applications/Visual%20Studio%20Code.app/Contents/Resources/app/out/vs/workbench/api/node/extensionHostProcess.js:27:2593)
    at ao.fire (file:///Applications/Visual%20Studio%20Code.app/Contents/Resources/app/out/vs/workbench/api/node/extensionHostProcess.js:29:9459)
    at MessagePortMain.<anonymous> (file:///Applications/Visual%20Studio%20Code.app/Contents/Resources/app/out/vs/workbench/api/node/extensionHostProcess.js:356:6444)
    at MessagePortMain.emit (node:events:518:28)
    at MessagePortMain.emit (node:domain:489:12)
    at Object.MessagePortMain._internalPort.emit (node:electron/js2c/utility_init:2:3073)
error @ log.ts:460
error @ log.ts:565
error @ logService.ts:51
Rds @ remoteConsoleUtil.ts:58
$logExtensionHostMessage @ mainThreadConsole.ts:38
S @ rpcProtocol.ts:458
Q @ rpcProtocol.ts:443
M @ rpcProtocol.ts:373
L @ rpcProtocol.ts:299
(anonymous) @ rpcProtocol.ts:161
C @ event.ts:1219
fire @ event.ts:1250
fire @ ipc.net.ts:652
l.onmessage @ localProcessExtensionHost.ts:382
console.ts:137 [Extension Host] Error loading JS file error-monitoring.js: Error: ENOENT: no such file or directory, open '/Users/bleckwolf25/.vscode/extensions/bleckwolf25.code-pulse-2.0.0/src/web/scripts/error-monitoring.js'
    at Object.readFileSync (node:fs:443:20)
    at Object.t.readFileSync (node:electron/js2c/node_init:2:10960)
    at /Users/bleckwolf25/.vscode/extensions/bleckwolf25.code-pulse-2.0.0/dist/extension.js:332:423
    at Array.forEach (<anonymous>)
    at De.generateDashboardHTML (/Users/bleckwolf25/.vscode/extensions/bleckwolf25.code-pulse-2.0.0/dist/extension.js:332:337)
    at De.show (/Users/bleckwolf25/.vscode/extensions/bleckwolf25.code-pulse-2.0.0/dist/extension.js:322:3065)
    at /Users/bleckwolf25/.vscode/extensions/bleckwolf25.code-pulse-2.0.0/dist/extension.js:1195:55592
    at Ab.h (file:///Applications/Visual%20Studio%20Code.app/Contents/Resources/app/out/vs/workbench/api/node/extensionHostProcess.js:112:41572)
    at Ab.$executeContributedCommand (file:///Applications/Visual%20Studio%20Code.app/Contents/Resources/app/out/vs/workbench/api/node/extensionHostProcess.js:112:42463)
    at a4.S (file:///Applications/Visual%20Studio%20Code.app/Contents/Resources/app/out/vs/workbench/api/node/extensionHostProcess.js:29:117864)
    at a4.Q (file:///Applications/Visual%20Studio%20Code.app/Contents/Resources/app/out/vs/workbench/api/node/extensionHostProcess.js:29:117644)
    at a4.M (file:///Applications/Visual%20Studio%20Code.app/Contents/Resources/app/out/vs/workbench/api/node/extensionHostProcess.js:29:116733)
    at a4.L (file:///Applications/Visual%20Studio%20Code.app/Contents/Resources/app/out/vs/workbench/api/node/extensionHostProcess.js:29:115838)
    at Gh.value (file:///Applications/Visual%20Studio%20Code.app/Contents/Resources/app/out/vs/workbench/api/node/extensionHostProcess.js:29:114635)
    at $.C (file:///Applications/Visual%20Studio%20Code.app/Contents/Resources/app/out/vs/workbench/api/node/extensionHostProcess.js:27:2375)
    at $.fire (file:///Applications/Visual%20Studio%20Code.app/Contents/Resources/app/out/vs/workbench/api/node/extensionHostProcess.js:27:2593)
    at ao.fire (file:///Applications/Visual%20Studio%20Code.app/Contents/Resources/app/out/vs/workbench/api/node/extensionHostProcess.js:29:9459)
    at Gh.value (file:///Applications/Visual%20Studio%20Code.app/Contents/Resources/app/out/vs/workbench/api/node/extensionHostProcess.js:356:8152)
    at $.C (file:///Applications/Visual%20Studio%20Code.app/Contents/Resources/app/out/vs/workbench/api/node/extensionHostProcess.js:27:2375)
    at $.fire (file:///Applications/Visual%20Studio%20Code.app/Contents/Resources/app/out/vs/workbench/api/node/extensionHostProcess.js:27:2593)
    at ao.fire (file:///Applications/Visual%20Studio%20Code.app/Contents/Resources/app/out/vs/workbench/api/node/extensionHostProcess.js:29:9459)
    at MessagePortMain.<anonymous> (file:///Applications/Visual%20Studio%20Code.app/Contents/Resources/app/out/vs/workbench/api/node/extensionHostProcess.js:356:6444)
    at MessagePortMain.emit (node:events:518:28)
    at MessagePortMain.emit (node:domain:489:12)
    at Object.MessagePortMain._internalPort.emit (node:electron/js2c/utility_init:2:3073)
Tds @ console.ts:137
$logExtensionHostMessage @ mainThreadConsole.ts:39
S @ rpcProtocol.ts:458
Q @ rpcProtocol.ts:443
M @ rpcProtocol.ts:373
L @ rpcProtocol.ts:299
(anonymous) @ rpcProtocol.ts:161
C @ event.ts:1219
fire @ event.ts:1250
fire @ ipc.net.ts:652
l.onmessage @ localProcessExtensionHost.ts:382
log.ts:460   ERR [Extension Host] Error loading JS file websocket-client.js: Error: ENOENT: no such file or directory, open '/Users/bleckwolf25/.vscode/extensions/bleckwolf25.code-pulse-2.0.0/src/web/scripts/websocket-client.js'
    at Object.readFileSync (node:fs:443:20)
    at Object.t.readFileSync (node:electron/js2c/node_init:2:10960)
    at /Users/bleckwolf25/.vscode/extensions/bleckwolf25.code-pulse-2.0.0/dist/extension.js:332:423
    at Array.forEach (<anonymous>)
    at De.generateDashboardHTML (/Users/bleckwolf25/.vscode/extensions/bleckwolf25.code-pulse-2.0.0/dist/extension.js:332:337)
    at De.show (/Users/bleckwolf25/.vscode/extensions/bleckwolf25.code-pulse-2.0.0/dist/extension.js:322:3065)
    at /Users/bleckwolf25/.vscode/extensions/bleckwolf25.code-pulse-2.0.0/dist/extension.js:1195:55592
    at Ab.h (file:///Applications/Visual%20Studio%20Code.app/Contents/Resources/app/out/vs/workbench/api/node/extensionHostProcess.js:112:41572)
    at Ab.$executeContributedCommand (file:///Applications/Visual%20Studio%20Code.app/Contents/Resources/app/out/vs/workbench/api/node/extensionHostProcess.js:112:42463)
    at a4.S (file:///Applications/Visual%20Studio%20Code.app/Contents/Resources/app/out/vs/workbench/api/node/extensionHostProcess.js:29:117864)
    at a4.Q (file:///Applications/Visual%20Studio%20Code.app/Contents/Resources/app/out/vs/workbench/api/node/extensionHostProcess.js:29:117644)
    at a4.M (file:///Applications/Visual%20Studio%20Code.app/Contents/Resources/app/out/vs/workbench/api/node/extensionHostProcess.js:29:116733)
    at a4.L (file:///Applications/Visual%20Studio%20Code.app/Contents/Resources/app/out/vs/workbench/api/node/extensionHostProcess.js:29:115838)
    at Gh.value (file:///Applications/Visual%20Studio%20Code.app/Contents/Resources/app/out/vs/workbench/api/node/extensionHostProcess.js:29:114635)
    at $.C (file:///Applications/Visual%20Studio%20Code.app/Contents/Resources/app/out/vs/workbench/api/node/extensionHostProcess.js:27:2375)
    at $.fire (file:///Applications/Visual%20Studio%20Code.app/Contents/Resources/app/out/vs/workbench/api/node/extensionHostProcess.js:27:2593)
    at ao.fire (file:///Applications/Visual%20Studio%20Code.app/Contents/Resources/app/out/vs/workbench/api/node/extensionHostProcess.js:29:9459)
    at Gh.value (file:///Applications/Visual%20Studio%20Code.app/Contents/Resources/app/out/vs/workbench/api/node/extensionHostProcess.js:356:8152)
    at $.C (file:///Applications/Visual%20Studio%20Code.app/Contents/Resources/app/out/vs/workbench/api/node/extensionHostProcess.js:27:2375)
    at $.fire (file:///Applications/Visual%20Studio%20Code.app/Contents/Resources/app/out/vs/workbench/api/node/extensionHostProcess.js:27:2593)
    at ao.fire (file:///Applications/Visual%20Studio%20Code.app/Contents/Resources/app/out/vs/workbench/api/node/extensionHostProcess.js:29:9459)
    at MessagePortMain.<anonymous> (file:///Applications/Visual%20Studio%20Code.app/Contents/Resources/app/out/vs/workbench/api/node/extensionHostProcess.js:356:6444)
    at MessagePortMain.emit (node:events:518:28)
    at MessagePortMain.emit (node:domain:489:12)
    at Object.MessagePortMain._internalPort.emit (node:electron/js2c/utility_init:2:3073)
error @ log.ts:460
error @ log.ts:565
error @ logService.ts:51
Rds @ remoteConsoleUtil.ts:58
$logExtensionHostMessage @ mainThreadConsole.ts:38
S @ rpcProtocol.ts:458
Q @ rpcProtocol.ts:443
M @ rpcProtocol.ts:373
L @ rpcProtocol.ts:299
(anonymous) @ rpcProtocol.ts:161
C @ event.ts:1219
fire @ event.ts:1250
fire @ ipc.net.ts:652
l.onmessage @ localProcessExtensionHost.ts:382
console.ts:137 [Extension Host] Error loading JS file websocket-client.js: Error: ENOENT: no such file or directory, open '/Users/bleckwolf25/.vscode/extensions/bleckwolf25.code-pulse-2.0.0/src/web/scripts/websocket-client.js'
    at Object.readFileSync (node:fs:443:20)
    at Object.t.readFileSync (node:electron/js2c/node_init:2:10960)
    at /Users/bleckwolf25/.vscode/extensions/bleckwolf25.code-pulse-2.0.0/dist/extension.js:332:423
    at Array.forEach (<anonymous>)
    at De.generateDashboardHTML (/Users/bleckwolf25/.vscode/extensions/bleckwolf25.code-pulse-2.0.0/dist/extension.js:332:337)
    at De.show (/Users/bleckwolf25/.vscode/extensions/bleckwolf25.code-pulse-2.0.0/dist/extension.js:322:3065)
    at /Users/bleckwolf25/.vscode/extensions/bleckwolf25.code-pulse-2.0.0/dist/extension.js:1195:55592
    at Ab.h (file:///Applications/Visual%20Studio%20Code.app/Contents/Resources/app/out/vs/workbench/api/node/extensionHostProcess.js:112:41572)
    at Ab.$executeContributedCommand (file:///Applications/Visual%20Studio%20Code.app/Contents/Resources/app/out/vs/workbench/api/node/extensionHostProcess.js:112:42463)
    at a4.S (file:///Applications/Visual%20Studio%20Code.app/Contents/Resources/app/out/vs/workbench/api/node/extensionHostProcess.js:29:117864)
    at a4.Q (file:///Applications/Visual%20Studio%20Code.app/Contents/Resources/app/out/vs/workbench/api/node/extensionHostProcess.js:29:117644)
    at a4.M (file:///Applications/Visual%20Studio%20Code.app/Contents/Resources/app/out/vs/workbench/api/node/extensionHostProcess.js:29:116733)
    at a4.L (file:///Applications/Visual%20Studio%20Code.app/Contents/Resources/app/out/vs/workbench/api/node/extensionHostProcess.js:29:115838)
    at Gh.value (file:///Applications/Visual%20Studio%20Code.app/Contents/Resources/app/out/vs/workbench/api/node/extensionHostProcess.js:29:114635)
    at $.C (file:///Applications/Visual%20Studio%20Code.app/Contents/Resources/app/out/vs/workbench/api/node/extensionHostProcess.js:27:2375)
    at $.fire (file:///Applications/Visual%20Studio%20Code.app/Contents/Resources/app/out/vs/workbench/api/node/extensionHostProcess.js:27:2593)
    at ao.fire (file:///Applications/Visual%20Studio%20Code.app/Contents/Resources/app/out/vs/workbench/api/node/extensionHostProcess.js:29:9459)
    at Gh.value (file:///Applications/Visual%20Studio%20Code.app/Contents/Resources/app/out/vs/workbench/api/node/extensionHostProcess.js:356:8152)
    at $.C (file:///Applications/Visual%20Studio%20Code.app/Contents/Resources/app/out/vs/workbench/api/node/extensionHostProcess.js:27:2375)
    at $.fire (file:///Applications/Visual%20Studio%20Code.app/Contents/Resources/app/out/vs/workbench/api/node/extensionHostProcess.js:27:2593)
    at ao.fire (file:///Applications/Visual%20Studio%20Code.app/Contents/Resources/app/out/vs/workbench/api/node/extensionHostProcess.js:29:9459)
    at MessagePortMain.<anonymous> (file:///Applications/Visual%20Studio%20Code.app/Contents/Resources/app/out/vs/workbench/api/node/extensionHostProcess.js:356:6444)
    at MessagePortMain.emit (node:events:518:28)
    at MessagePortMain.emit (node:domain:489:12)
    at Object.MessagePortMain._internalPort.emit (node:electron/js2c/utility_init:2:3073)
Tds @ console.ts:137
$logExtensionHostMessage @ mainThreadConsole.ts:39
S @ rpcProtocol.ts:458
Q @ rpcProtocol.ts:443
M @ rpcProtocol.ts:373
L @ rpcProtocol.ts:299
(anonymous) @ rpcProtocol.ts:161
C @ event.ts:1219
fire @ event.ts:1250
fire @ ipc.net.ts:652
l.onmessage @ localProcessExtensionHost.ts:382
log.ts:460   ERR [Extension Host] Error loading JS file connection-status.js: Error: ENOENT: no such file or directory, open '/Users/bleckwolf25/.vscode/extensions/bleckwolf25.code-pulse-2.0.0/src/web/scripts/connection-status.js'
    at Object.readFileSync (node:fs:443:20)
    at Object.t.readFileSync (node:electron/js2c/node_init:2:10960)
    at /Users/bleckwolf25/.vscode/extensions/bleckwolf25.code-pulse-2.0.0/dist/extension.js:332:423
    at Array.forEach (<anonymous>)
    at De.generateDashboardHTML (/Users/bleckwolf25/.vscode/extensions/bleckwolf25.code-pulse-2.0.0/dist/extension.js:332:337)
    at De.show (/Users/bleckwolf25/.vscode/extensions/bleckwolf25.code-pulse-2.0.0/dist/extension.js:322:3065)
    at /Users/bleckwolf25/.vscode/extensions/bleckwolf25.code-pulse-2.0.0/dist/extension.js:1195:55592
    at Ab.h (file:///Applications/Visual%20Studio%20Code.app/Contents/Resources/app/out/vs/workbench/api/node/extensionHostProcess.js:112:41572)
    at Ab.$executeContributedCommand (file:///Applications/Visual%20Studio%20Code.app/Contents/Resources/app/out/vs/workbench/api/node/extensionHostProcess.js:112:42463)
    at a4.S (file:///Applications/Visual%20Studio%20Code.app/Contents/Resources/app/out/vs/workbench/api/node/extensionHostProcess.js:29:117864)
    at a4.Q (file:///Applications/Visual%20Studio%20Code.app/Contents/Resources/app/out/vs/workbench/api/node/extensionHostProcess.js:29:117644)
    at a4.M (file:///Applications/Visual%20Studio%20Code.app/Contents/Resources/app/out/vs/workbench/api/node/extensionHostProcess.js:29:116733)
    at a4.L (file:///Applications/Visual%20Studio%20Code.app/Contents/Resources/app/out/vs/workbench/api/node/extensionHostProcess.js:29:115838)
    at Gh.value (file:///Applications/Visual%20Studio%20Code.app/Contents/Resources/app/out/vs/workbench/api/node/extensionHostProcess.js:29:114635)
    at $.C (file:///Applications/Visual%20Studio%20Code.app/Contents/Resources/app/out/vs/workbench/api/node/extensionHostProcess.js:27:2375)
    at $.fire (file:///Applications/Visual%20Studio%20Code.app/Contents/Resources/app/out/vs/workbench/api/node/extensionHostProcess.js:27:2593)
    at ao.fire (file:///Applications/Visual%20Studio%20Code.app/Contents/Resources/app/out/vs/workbench/api/node/extensionHostProcess.js:29:9459)
    at Gh.value (file:///Applications/Visual%20Studio%20Code.app/Contents/Resources/app/out/vs/workbench/api/node/extensionHostProcess.js:356:8152)
    at $.C (file:///Applications/Visual%20Studio%20Code.app/Contents/Resources/app/out/vs/workbench/api/node/extensionHostProcess.js:27:2375)
    at $.fire (file:///Applications/Visual%20Studio%20Code.app/Contents/Resources/app/out/vs/workbench/api/node/extensionHostProcess.js:27:2593)
    at ao.fire (file:///Applications/Visual%20Studio%20Code.app/Contents/Resources/app/out/vs/workbench/api/node/extensionHostProcess.js:29:9459)
    at MessagePortMain.<anonymous> (file:///Applications/Visual%20Studio%20Code.app/Contents/Resources/app/out/vs/workbench/api/node/extensionHostProcess.js:356:6444)
    at MessagePortMain.emit (node:events:518:28)
    at MessagePortMain.emit (node:domain:489:12)
    at Object.MessagePortMain._internalPort.emit (node:electron/js2c/utility_init:2:3073)
error @ log.ts:460
error @ log.ts:565
error @ logService.ts:51
Rds @ remoteConsoleUtil.ts:58
$logExtensionHostMessage @ mainThreadConsole.ts:38
S @ rpcProtocol.ts:458
Q @ rpcProtocol.ts:443
M @ rpcProtocol.ts:373
L @ rpcProtocol.ts:299
(anonymous) @ rpcProtocol.ts:161
C @ event.ts:1219
fire @ event.ts:1250
fire @ ipc.net.ts:652
l.onmessage @ localProcessExtensionHost.ts:382
console.ts:137 [Extension Host] Error loading JS file connection-status.js: Error: ENOENT: no such file or directory, open '/Users/bleckwolf25/.vscode/extensions/bleckwolf25.code-pulse-2.0.0/src/web/scripts/connection-status.js'
    at Object.readFileSync (node:fs:443:20)
    at Object.t.readFileSync (node:electron/js2c/node_init:2:10960)
    at /Users/bleckwolf25/.vscode/extensions/bleckwolf25.code-pulse-2.0.0/dist/extension.js:332:423
    at Array.forEach (<anonymous>)
    at De.generateDashboardHTML (/Users/bleckwolf25/.vscode/extensions/bleckwolf25.code-pulse-2.0.0/dist/extension.js:332:337)
    at De.show (/Users/bleckwolf25/.vscode/extensions/bleckwolf25.code-pulse-2.0.0/dist/extension.js:322:3065)
    at /Users/bleckwolf25/.vscode/extensions/bleckwolf25.code-pulse-2.0.0/dist/extension.js:1195:55592
    at Ab.h (file:///Applications/Visual%20Studio%20Code.app/Contents/Resources/app/out/vs/workbench/api/node/extensionHostProcess.js:112:41572)
    at Ab.$executeContributedCommand (file:///Applications/Visual%20Studio%20Code.app/Contents/Resources/app/out/vs/workbench/api/node/extensionHostProcess.js:112:42463)
    at a4.S (file:///Applications/Visual%20Studio%20Code.app/Contents/Resources/app/out/vs/workbench/api/node/extensionHostProcess.js:29:117864)
    at a4.Q (file:///Applications/Visual%20Studio%20Code.app/Contents/Resources/app/out/vs/workbench/api/node/extensionHostProcess.js:29:117644)
    at a4.M (file:///Applications/Visual%20Studio%20Code.app/Contents/Resources/app/out/vs/workbench/api/node/extensionHostProcess.js:29:116733)
    at a4.L (file:///Applications/Visual%20Studio%20Code.app/Contents/Resources/app/out/vs/workbench/api/node/extensionHostProcess.js:29:115838)
    at Gh.value (file:///Applications/Visual%20Studio%20Code.app/Contents/Resources/app/out/vs/workbench/api/node/extensionHostProcess.js:29:114635)
    at $.C (file:///Applications/Visual%20Studio%20Code.app/Contents/Resources/app/out/vs/workbench/api/node/extensionHostProcess.js:27:2375)
    at $.fire (file:///Applications/Visual%20Studio%20Code.app/Contents/Resources/app/out/vs/workbench/api/node/extensionHostProcess.js:27:2593)
    at ao.fire (file:///Applications/Visual%20Studio%20Code.app/Contents/Resources/app/out/vs/workbench/api/node/extensionHostProcess.js:29:9459)
    at Gh.value (file:///Applications/Visual%20Studio%20Code.app/Contents/Resources/app/out/vs/workbench/api/node/extensionHostProcess.js:356:8152)
    at $.C (file:///Applications/Visual%20Studio%20Code.app/Contents/Resources/app/out/vs/workbench/api/node/extensionHostProcess.js:27:2375)
    at $.fire (file:///Applications/Visual%20Studio%20Code.app/Contents/Resources/app/out/vs/workbench/api/node/extensionHostProcess.js:27:2593)
    at ao.fire (file:///Applications/Visual%20Studio%20Code.app/Contents/Resources/app/out/vs/workbench/api/node/extensionHostProcess.js:29:9459)
    at MessagePortMain.<anonymous> (file:///Applications/Visual%20Studio%20Code.app/Contents/Resources/app/out/vs/workbench/api/node/extensionHostProcess.js:356:6444)
    at MessagePortMain.emit (node:events:518:28)
    at MessagePortMain.emit (node:domain:489:12)
    at Object.MessagePortMain._internalPort.emit (node:electron/js2c/utility_init:2:3073)
Tds @ console.ts:137
$logExtensionHostMessage @ mainThreadConsole.ts:39
S @ rpcProtocol.ts:458
Q @ rpcProtocol.ts:443
M @ rpcProtocol.ts:373
L @ rpcProtocol.ts:299
(anonymous) @ rpcProtocol.ts:161
C @ event.ts:1219
fire @ event.ts:1250
fire @ ipc.net.ts:652
l.onmessage @ localProcessExtensionHost.ts:382
log.ts:460   ERR [Extension Host] Error loading JS file dashboard.js: Error: ENOENT: no such file or directory, open '/Users/bleckwolf25/.vscode/extensions/bleckwolf25.code-pulse-2.0.0/src/web/scripts/dashboard.js'
    at Object.readFileSync (node:fs:443:20)
    at Object.t.readFileSync (node:electron/js2c/node_init:2:10960)
    at /Users/bleckwolf25/.vscode/extensions/bleckwolf25.code-pulse-2.0.0/dist/extension.js:332:423
    at Array.forEach (<anonymous>)
    at De.generateDashboardHTML (/Users/bleckwolf25/.vscode/extensions/bleckwolf25.code-pulse-2.0.0/dist/extension.js:332:337)
    at De.show (/Users/bleckwolf25/.vscode/extensions/bleckwolf25.code-pulse-2.0.0/dist/extension.js:322:3065)
    at /Users/bleckwolf25/.vscode/extensions/bleckwolf25.code-pulse-2.0.0/dist/extension.js:1195:55592
    at Ab.h (file:///Applications/Visual%20Studio%20Code.app/Contents/Resources/app/out/vs/workbench/api/node/extensionHostProcess.js:112:41572)
    at Ab.$executeContributedCommand (file:///Applications/Visual%20Studio%20Code.app/Contents/Resources/app/out/vs/workbench/api/node/extensionHostProcess.js:112:42463)
    at a4.S (file:///Applications/Visual%20Studio%20Code.app/Contents/Resources/app/out/vs/workbench/api/node/extensionHostProcess.js:29:117864)
    at a4.Q (file:///Applications/Visual%20Studio%20Code.app/Contents/Resources/app/out/vs/workbench/api/node/extensionHostProcess.js:29:117644)
    at a4.M (file:///Applications/Visual%20Studio%20Code.app/Contents/Resources/app/out/vs/workbench/api/node/extensionHostProcess.js:29:116733)
    at a4.L (file:///Applications/Visual%20Studio%20Code.app/Contents/Resources/app/out/vs/workbench/api/node/extensionHostProcess.js:29:115838)
    at Gh.value (file:///Applications/Visual%20Studio%20Code.app/Contents/Resources/app/out/vs/workbench/api/node/extensionHostProcess.js:29:114635)
    at $.C (file:///Applications/Visual%20Studio%20Code.app/Contents/Resources/app/out/vs/workbench/api/node/extensionHostProcess.js:27:2375)
    at $.fire (file:///Applications/Visual%20Studio%20Code.app/Contents/Resources/app/out/vs/workbench/api/node/extensionHostProcess.js:27:2593)
    at ao.fire (file:///Applications/Visual%20Studio%20Code.app/Contents/Resources/app/out/vs/workbench/api/node/extensionHostProcess.js:29:9459)
    at Gh.value (file:///Applications/Visual%20Studio%20Code.app/Contents/Resources/app/out/vs/workbench/api/node/extensionHostProcess.js:356:8152)
    at $.C (file:///Applications/Visual%20Studio%20Code.app/Contents/Resources/app/out/vs/workbench/api/node/extensionHostProcess.js:27:2375)
    at $.fire (file:///Applications/Visual%20Studio%20Code.app/Contents/Resources/app/out/vs/workbench/api/node/extensionHostProcess.js:27:2593)
    at ao.fire (file:///Applications/Visual%20Studio%20Code.app/Contents/Resources/app/out/vs/workbench/api/node/extensionHostProcess.js:29:9459)
    at MessagePortMain.<anonymous> (file:///Applications/Visual%20Studio%20Code.app/Contents/Resources/app/out/vs/workbench/api/node/extensionHostProcess.js:356:6444)
    at MessagePortMain.emit (node:events:518:28)
    at MessagePortMain.emit (node:domain:489:12)
    at Object.MessagePortMain._internalPort.emit (node:electron/js2c/utility_init:2:3073)
error @ log.ts:460
error @ log.ts:565
error @ logService.ts:51
Rds @ remoteConsoleUtil.ts:58
$logExtensionHostMessage @ mainThreadConsole.ts:38
S @ rpcProtocol.ts:458
Q @ rpcProtocol.ts:443
M @ rpcProtocol.ts:373
L @ rpcProtocol.ts:299
(anonymous) @ rpcProtocol.ts:161
C @ event.ts:1219
fire @ event.ts:1250
fire @ ipc.net.ts:652
l.onmessage @ localProcessExtensionHost.ts:382
console.ts:137 [Extension Host] Error loading JS file dashboard.js: Error: ENOENT: no such file or directory, open '/Users/bleckwolf25/.vscode/extensions/bleckwolf25.code-pulse-2.0.0/src/web/scripts/dashboard.js'
    at Object.readFileSync (node:fs:443:20)
    at Object.t.readFileSync (node:electron/js2c/node_init:2:10960)
    at /Users/bleckwolf25/.vscode/extensions/bleckwolf25.code-pulse-2.0.0/dist/extension.js:332:423
    at Array.forEach (<anonymous>)
    at De.generateDashboardHTML (/Users/bleckwolf25/.vscode/extensions/bleckwolf25.code-pulse-2.0.0/dist/extension.js:332:337)
    at De.show (/Users/bleckwolf25/.vscode/extensions/bleckwolf25.code-pulse-2.0.0/dist/extension.js:322:3065)
    at /Users/bleckwolf25/.vscode/extensions/bleckwolf25.code-pulse-2.0.0/dist/extension.js:1195:55592
    at Ab.h (file:///Applications/Visual%20Studio%20Code.app/Contents/Resources/app/out/vs/workbench/api/node/extensionHostProcess.js:112:41572)
    at Ab.$executeContributedCommand (file:///Applications/Visual%20Studio%20Code.app/Contents/Resources/app/out/vs/workbench/api/node/extensionHostProcess.js:112:42463)
    at a4.S (file:///Applications/Visual%20Studio%20Code.app/Contents/Resources/app/out/vs/workbench/api/node/extensionHostProcess.js:29:117864)
    at a4.Q (file:///Applications/Visual%20Studio%20Code.app/Contents/Resources/app/out/vs/workbench/api/node/extensionHostProcess.js:29:117644)
    at a4.M (file:///Applications/Visual%20Studio%20Code.app/Contents/Resources/app/out/vs/workbench/api/node/extensionHostProcess.js:29:116733)
    at a4.L (file:///Applications/Visual%20Studio%20Code.app/Contents/Resources/app/out/vs/workbench/api/node/extensionHostProcess.js:29:115838)
    at Gh.value (file:///Applications/Visual%20Studio%20Code.app/Contents/Resources/app/out/vs/workbench/api/node/extensionHostProcess.js:29:114635)
    at $.C (file:///Applications/Visual%20Studio%20Code.app/Contents/Resources/app/out/vs/workbench/api/node/extensionHostProcess.js:27:2375)
    at $.fire (file:///Applications/Visual%20Studio%20Code.app/Contents/Resources/app/out/vs/workbench/api/node/extensionHostProcess.js:27:2593)
    at ao.fire (file:///Applications/Visual%20Studio%20Code.app/Contents/Resources/app/out/vs/workbench/api/node/extensionHostProcess.js:29:9459)
    at Gh.value (file:///Applications/Visual%20Studio%20Code.app/Contents/Resources/app/out/vs/workbench/api/node/extensionHostProcess.js:356:8152)
    at $.C (file:///Applications/Visual%20Studio%20Code.app/Contents/Resources/app/out/vs/workbench/api/node/extensionHostProcess.js:27:2375)
    at $.fire (file:///Applications/Visual%20Studio%20Code.app/Contents/Resources/app/out/vs/workbench/api/node/extensionHostProcess.js:27:2593)
    at ao.fire (file:///Applications/Visual%20Studio%20Code.app/Contents/Resources/app/out/vs/workbench/api/node/extensionHostProcess.js:29:9459)
    at MessagePortMain.<anonymous> (file:///Applications/Visual%20Studio%20Code.app/Contents/Resources/app/out/vs/workbench/api/node/extensionHostProcess.js:356:6444)
    at MessagePortMain.emit (node:events:518:28)
    at MessagePortMain.emit (node:domain:489:12)
    at Object.MessagePortMain._internalPort.emit (node:electron/js2c/utility_init:2:3073)
Tds @ console.ts:137
$logExtensionHostMessage @ mainThreadConsole.ts:39
S @ rpcProtocol.ts:458
Q @ rpcProtocol.ts:443
M @ rpcProtocol.ts:373
L @ rpcProtocol.ts:299
(anonymous) @ rpcProtocol.ts:161
C @ event.ts:1219
fire @ event.ts:1250
fire @ ipc.net.ts:652
l.onmessage @ localProcessExtensionHost.ts:382
log.ts:460   ERR [Extension Host] Error loading JS file realtime-data.js: Error: ENOENT: no such file or directory, open '/Users/bleckwolf25/.vscode/extensions/bleckwolf25.code-pulse-2.0.0/src/web/scripts/realtime-data.js'
    at Object.readFileSync (node:fs:443:20)
    at Object.t.readFileSync (node:electron/js2c/node_init:2:10960)
    at /Users/bleckwolf25/.vscode/extensions/bleckwolf25.code-pulse-2.0.0/dist/extension.js:332:423
    at Array.forEach (<anonymous>)
    at De.generateDashboardHTML (/Users/bleckwolf25/.vscode/extensions/bleckwolf25.code-pulse-2.0.0/dist/extension.js:332:337)
    at De.show (/Users/bleckwolf25/.vscode/extensions/bleckwolf25.code-pulse-2.0.0/dist/extension.js:322:3065)
    at /Users/bleckwolf25/.vscode/extensions/bleckwolf25.code-pulse-2.0.0/dist/extension.js:1195:55592
    at Ab.h (file:///Applications/Visual%20Studio%20Code.app/Contents/Resources/app/out/vs/workbench/api/node/extensionHostProcess.js:112:41572)
    at Ab.$executeContributedCommand (file:///Applications/Visual%20Studio%20Code.app/Contents/Resources/app/out/vs/workbench/api/node/extensionHostProcess.js:112:42463)
    at a4.S (file:///Applications/Visual%20Studio%20Code.app/Contents/Resources/app/out/vs/workbench/api/node/extensionHostProcess.js:29:117864)
    at a4.Q (file:///Applications/Visual%20Studio%20Code.app/Contents/Resources/app/out/vs/workbench/api/node/extensionHostProcess.js:29:117644)
    at a4.M (file:///Applications/Visual%20Studio%20Code.app/Contents/Resources/app/out/vs/workbench/api/node/extensionHostProcess.js:29:116733)
    at a4.L (file:///Applications/Visual%20Studio%20Code.app/Contents/Resources/app/out/vs/workbench/api/node/extensionHostProcess.js:29:115838)
    at Gh.value (file:///Applications/Visual%20Studio%20Code.app/Contents/Resources/app/out/vs/workbench/api/node/extensionHostProcess.js:29:114635)
    at $.C (file:///Applications/Visual%20Studio%20Code.app/Contents/Resources/app/out/vs/workbench/api/node/extensionHostProcess.js:27:2375)
    at $.fire (file:///Applications/Visual%20Studio%20Code.app/Contents/Resources/app/out/vs/workbench/api/node/extensionHostProcess.js:27:2593)
    at ao.fire (file:///Applications/Visual%20Studio%20Code.app/Contents/Resources/app/out/vs/workbench/api/node/extensionHostProcess.js:29:9459)
    at Gh.value (file:///Applications/Visual%20Studio%20Code.app/Contents/Resources/app/out/vs/workbench/api/node/extensionHostProcess.js:356:8152)
    at $.C (file:///Applications/Visual%20Studio%20Code.app/Contents/Resources/app/out/vs/workbench/api/node/extensionHostProcess.js:27:2375)
    at $.fire (file:///Applications/Visual%20Studio%20Code.app/Contents/Resources/app/out/vs/workbench/api/node/extensionHostProcess.js:27:2593)
    at ao.fire (file:///Applications/Visual%20Studio%20Code.app/Contents/Resources/app/out/vs/workbench/api/node/extensionHostProcess.js:29:9459)
    at MessagePortMain.<anonymous> (file:///Applications/Visual%20Studio%20Code.app/Contents/Resources/app/out/vs/workbench/api/node/extensionHostProcess.js:356:6444)
    at MessagePortMain.emit (node:events:518:28)
    at MessagePortMain.emit (node:domain:489:12)
    at Object.MessagePortMain._internalPort.emit (node:electron/js2c/utility_init:2:3073)
error @ log.ts:460
error @ log.ts:565
error @ logService.ts:51
Rds @ remoteConsoleUtil.ts:58
$logExtensionHostMessage @ mainThreadConsole.ts:38
S @ rpcProtocol.ts:458
Q @ rpcProtocol.ts:443
M @ rpcProtocol.ts:373
L @ rpcProtocol.ts:299
(anonymous) @ rpcProtocol.ts:161
C @ event.ts:1219
fire @ event.ts:1250
fire @ ipc.net.ts:652
l.onmessage @ localProcessExtensionHost.ts:382
console.ts:137 [Extension Host] Error loading JS file realtime-data.js: Error: ENOENT: no such file or directory, open '/Users/bleckwolf25/.vscode/extensions/bleckwolf25.code-pulse-2.0.0/src/web/scripts/realtime-data.js'
    at Object.readFileSync (node:fs:443:20)
    at Object.t.readFileSync (node:electron/js2c/node_init:2:10960)
    at /Users/bleckwolf25/.vscode/extensions/bleckwolf25.code-pulse-2.0.0/dist/extension.js:332:423
    at Array.forEach (<anonymous>)
    at De.generateDashboardHTML (/Users/bleckwolf25/.vscode/extensions/bleckwolf25.code-pulse-2.0.0/dist/extension.js:332:337)
    at De.show (/Users/bleckwolf25/.vscode/extensions/bleckwolf25.code-pulse-2.0.0/dist/extension.js:322:3065)
    at /Users/bleckwolf25/.vscode/extensions/bleckwolf25.code-pulse-2.0.0/dist/extension.js:1195:55592
    at Ab.h (file:///Applications/Visual%20Studio%20Code.app/Contents/Resources/app/out/vs/workbench/api/node/extensionHostProcess.js:112:41572)
    at Ab.$executeContributedCommand (file:///Applications/Visual%20Studio%20Code.app/Contents/Resources/app/out/vs/workbench/api/node/extensionHostProcess.js:112:42463)
    at a4.S (file:///Applications/Visual%20Studio%20Code.app/Contents/Resources/app/out/vs/workbench/api/node/extensionHostProcess.js:29:117864)
    at a4.Q (file:///Applications/Visual%20Studio%20Code.app/Contents/Resources/app/out/vs/workbench/api/node/extensionHostProcess.js:29:117644)
    at a4.M (file:///Applications/Visual%20Studio%20Code.app/Contents/Resources/app/out/vs/workbench/api/node/extensionHostProcess.js:29:116733)
    at a4.L (file:///Applications/Visual%20Studio%20Code.app/Contents/Resources/app/out/vs/workbench/api/node/extensionHostProcess.js:29:115838)
    at Gh.value (file:///Applications/Visual%20Studio%20Code.app/Contents/Resources/app/out/vs/workbench/api/node/extensionHostProcess.js:29:114635)
    at $.C (file:///Applications/Visual%20Studio%20Code.app/Contents/Resources/app/out/vs/workbench/api/node/extensionHostProcess.js:27:2375)
    at $.fire (file:///Applications/Visual%20Studio%20Code.app/Contents/Resources/app/out/vs/workbench/api/node/extensionHostProcess.js:27:2593)
    at ao.fire (file:///Applications/Visual%20Studio%20Code.app/Contents/Resources/app/out/vs/workbench/api/node/extensionHostProcess.js:29:9459)
    at Gh.value (file:///Applications/Visual%20Studio%20Code.app/Contents/Resources/app/out/vs/workbench/api/node/extensionHostProcess.js:356:8152)
    at $.C (file:///Applications/Visual%20Studio%20Code.app/Contents/Resources/app/out/vs/workbench/api/node/extensionHostProcess.js:27:2375)
    at $.fire (file:///Applications/Visual%20Studio%20Code.app/Contents/Resources/app/out/vs/workbench/api/node/extensionHostProcess.js:27:2593)
    at ao.fire (file:///Applications/Visual%20Studio%20Code.app/Contents/Resources/app/out/vs/workbench/api/node/extensionHostProcess.js:29:9459)
    at MessagePortMain.<anonymous> (file:///Applications/Visual%20Studio%20Code.app/Contents/Resources/app/out/vs/workbench/api/node/extensionHostProcess.js:356:6444)
    at MessagePortMain.emit (node:events:518:28)
    at MessagePortMain.emit (node:domain:489:12)
    at Object.MessagePortMain._internalPort.emit (node:electron/js2c/utility_init:2:3073)
Tds @ console.ts:137
$logExtensionHostMessage @ mainThreadConsole.ts:39
S @ rpcProtocol.ts:458
Q @ rpcProtocol.ts:443
M @ rpcProtocol.ts:373
L @ rpcProtocol.ts:299
(anonymous) @ rpcProtocol.ts:161
C @ event.ts:1219
fire @ event.ts:1250
fire @ ipc.net.ts:652
l.onmessage @ localProcessExtensionHost.ts:382
index.html:283 Found unexpected service worker controller. Found: vscode-webview://1g5o060lpov9ebhl9tqnvnkhfmk0u3nl5i59p3hastdedmfbgtfu/service-worker.js?v=4&vscode-resource-base-authority=vscode-resource.vscode-cdn.net&id=0774e187-49fd-4ce5-bc94-b00a69d4db6d&remoteAuthority=. Expected: service-worker.js?v=4&vscode-resource-base-authority=vscode-resource.vscode-cdn.net&remoteAuthority=. Waiting for controllerchange.
vscode-webview://1g5o060lpov9ebhl9tqnvnkhfmk0u3nl5i59p3hastdedmfbgtfu/index.html?id=da2d8925-5330-4c13-bbae-3c1f7edc5785&parentId=1&origin=1146d6b6-bc0e-4724-b462-9b6f9974c6d6&swVersion=4&extensionId=BleckWolf25.code-pulse&platform=electron&vscode-resource-base-authority=vscode-resource.vscode-cdn.net&parentOrigin=vscode-file%3A%2F%2Fvscode-app:1062 [Violation] Avoid using document.write(). https://developers.google.com/web/updates/2016/08/removing-document-write
(anonymous) @ vscode-webview://1g5o060lpov9ebhl9tqnvnkhfmk0u3nl5i59p3hastdedmfbgtfu/index.html?id=da2d8925-5330-4c13-bbae-3c1f7edc5785&parentId=1&origin=1146d6b6-bc0e-4724-b462-9b6f9974c6d6&swVersion=4&extensionId=BleckWolf25.code-pulse&platform=electron&vscode-resource-base-authority=vscode-resource.vscode-cdn.net&parentOrigin=vscode-file%3A%2F%2Fvscode-app:1062
index.html:53 Uncaught TypeError: Cannot read properties of null (reading 'classList')
    at index.html:53:122
(anonymous) @ index.html?id=da2d8925-5330-4c13-bbae-3c1f7edc5785&parentId=1&origin=1146d6b6-bc0e-4724-b462-9b6f9974c6d6&swVersion=4&extensionId=BleckWolf25.code-pulse&platform=electron&vscode-resource-base-authority=vscode-resource.vscode-cdn.net&parentOrigin=vscode-file%3A%2F%2Fvscode-app:53
setInterval
trackFocus @ index.html?id=da2d8925-5330-4c13-bbae-3c1f7edc5785&parentId=1&origin=1146d6b6-bc0e-4724-b462-9b6f9974c6d6&swVersion=4&extensionId=BleckWolf25.code-pulse&platform=electron&vscode-resource-base-authority=vscode-resource.vscode-cdn.net&parentOrigin=vscode-file%3A%2F%2Fvscode-app:51
(anonymous) @ index.html?id=da2d8925-5330-4c13-bbae-3c1f7edc5785&parentId=1&origin=1146d6b6-bc0e-4724-b462-9b6f9974c6d6&swVersion=4&extensionId=BleckWolf25.code-pulse&platform=electron&vscode-resource-base-authority=vscode-resource.vscode-cdn.net&parentOrigin=vscode-file%3A%2F%2Fvscode-app:1308
onDomReady @ index.html?id=da2d8925-5330-4c13-bbae-3c1f7edc5785&parentId=1&origin=1146d6b6-bc0e-4724-b462-9b6f9974c6d6&swVersion=4&extensionId=BleckWolf25.code-pulse&platform=electron&vscode-resource-base-authority=vscode-resource.vscode-cdn.net&parentOrigin=vscode-file%3A%2F%2Fvscode-app:832
(anonymous) @ index.html?id=da2d8925-5330-4c13-bbae-3c1f7edc5785&parentId=1&origin=1146d6b6-bc0e-4724-b462-9b6f9974c6d6&swVersion=4&extensionId=BleckWolf25.code-pulse&platform=electron&vscode-resource-base-authority=vscode-resource.vscode-cdn.net&parentOrigin=vscode-file%3A%2F%2Fvscode-app:922
console.ts:137 [Extension Host] 2025-07-24T23:38:25.866Z WARN      Performance issue detected: High Memory Usage Detected | {"id":"high_memory_1753400305866","type":"high_memory","severity":"critical","title":"High Memory Usage Detected","description":"Memory usage is at 98.3%","component":"system","detectedAt":1753400305865,"metrics":{"memoryUsage":98.2980728149414,"memoryUsedMB":8053},"suggestions":["Check for memory leaks in recent code","Clear unnecessary caches and data structures","Review object lifecycle management"],"impact":"May cause system instability and crashes"}
Tds @ console.ts:137
$logExtensionHostMessage @ mainThreadConsole.ts:39
S @ rpcProtocol.ts:458
Q @ rpcProtocol.ts:443
M @ rpcProtocol.ts:373
L @ rpcProtocol.ts:299
(anonymous) @ rpcProtocol.ts:161
C @ event.ts:1219
fire @ event.ts:1250
fire @ ipc.net.ts:652
l.onmessage @ localProcessExtensionHost.ts:382
console.ts:137 [Extension Host] 2025-07-24T23:38:25.866Z WARN      Performance issue detected: High Memory Usage Detected | {"id":"high_memory_1753400305866","type":"high_memory","severity":"critical","title":"High Memory Usage Detected","description":"Memory usage is at 98.3%","component":"system","detectedAt":1753400305866,"metrics":{"memoryUsage":98.29769134521484,"memoryUsedMB":8053},"suggestions":["Check for memory leaks in recent code","Clear unnecessary caches and data structures","Review object lifecycle management"],"impact":"May cause system instability and crashes"}
Tds @ console.ts:137
$logExtensionHostMessage @ mainThreadConsole.ts:39
S @ rpcProtocol.ts:458
Q @ rpcProtocol.ts:443
M @ rpcProtocol.ts:373
L @ rpcProtocol.ts:299
(anonymous) @ rpcProtocol.ts:161
C @ event.ts:1219
fire @ event.ts:1250
fire @ ipc.net.ts:652
l.onmessage @ localProcessExtensionHost.ts:382
log.ts:460   ERR Unable to load and parse grammar for scope code.log from file:///Users/bleckwolf25/.vscode/extensions/google.geminicodeassist-2.42.0/third_party/vscode-log-output-colorizer/src/syntaxes/log.tmLanguage Qa: Unable to read file '/Users/bleckwolf25/.vscode/extensions/google.geminicodeassist-2.42.0/third_party/vscode-log-output-colorizer/src/syntaxes/log.tmLanguage' (Error: Unable to resolve nonexistent file '/Users/bleckwolf25/.vscode/extensions/google.geminicodeassist-2.42.0/third_party/vscode-log-output-colorizer/src/syntaxes/log.tmLanguage')
    at Cyt.G (vscode-file://vscode-app/Applications/Visual%20Studio%20Code.app/Contents/Resources/app/out/vs/workbench/workbench.desktop.main.js:3360:65776)
    at Cyt.F (vscode-file://vscode-app/Applications/Visual%20Studio%20Code.app/Contents/Resources/app/out/vs/workbench/workbench.desktop.main.js:3360:65601)
    at async Cyt.D (vscode-file://vscode-app/Applications/Visual%20Studio%20Code.app/Contents/Resources/app/out/vs/workbench/workbench.desktop.main.js:3360:64968)
    at async P0t.readExtensionResource (vscode-file://vscode-app/Applications/Visual%20Studio%20Code.app/Contents/Resources/app/out/vs/workbench/workbench.desktop.main.js:3390:2243)
    at async Object.loadGrammar (vscode-file://vscode-app/Applications/Visual%20Studio%20Code.app/Contents/Resources/app/out/vs/workbench/workbench.desktop.main.js:1263:493)
    at async t.Registry._doLoadSingleGrammar (vscode-file://vscode-app/Applications/Visual%20Studio%20Code.app/Contents/Resources/app/node_modules/vscode-textmate/release/main.js:1:31144)
    at async Promise.all (index 0)
    at async t.Registry._loadGrammar (vscode-file://vscode-app/Applications/Visual%20Studio%20Code.app/Contents/Resources/app/node_modules/vscode-textmate/release/main.js:1:30814)
    at async ILs.createGrammar (vscode-file://vscode-app/Applications/Visual%20Studio%20Code.app/Contents/Resources/app/out/vs/workbench/workbench.desktop.main.js:1263:1522)
    at async LKe.U (vscode-file://vscode-app/Applications/Visual%20Studio%20Code.app/Contents/Resources/app/out/vs/workbench/workbench.desktop.main.js:1263:6114)
error @ log.ts:460
error @ log.ts:565
error @ logService.ts:51
logError @ textMateTokenizationFeatureImpl.ts:272
loadGrammar @ TMGrammarFactory.ts:58
await in loadGrammar
_doLoadSingleGrammar @ main.js:1
_loadSingleGrammar @ main.js:1
(anonymous) @ main.js:1
_loadGrammar @ main.js:1
loadGrammarWithConfiguration @ main.js:1
createGrammar @ TMGrammarFactory.ts:142
U @ textMateTokenizationFeatureImpl.ts:295
await in U
(anonymous) @ textMateTokenizationFeatureImpl.ts:128
get tokenizationSupport @ languages.ts:2352
j @ tokenizationRegistry.ts:146
resolve @ tokenizationRegistry.ts:140
getOrCreate @ tokenizationRegistry.ts:76
requestRichLanguageFeatures @ languageService.ts:145
wf @ textModel.ts:394
o @ instantiationService.ts:162
createInstance @ instantiationService.ts:128
I @ modelService.ts:317
createModel @ modelService.ts:451
I @ textEditorModel.ts:172
H @ textEditorModel.ts:166
Gb @ textFileEditorModel.ts:562
Fb @ textFileEditorModel.ts:544
Eb @ textFileEditorModel.ts:469
await in Eb
Ab @ textFileEditorModel.ts:329
await in Ab
resolve @ textFileEditorModel.ts:307
W @ textFileEditorModelManager.ts:423
resolve @ textFileEditorModelManager.ts:364
jb @ fileEditorInput.ts:360
resolve @ fileEditorInput.ts:346
setInput @ textFileEditor.ts:108
await in setInput
S @ editorPanes.ts:464
L @ editorPanes.ts:259
openEditor @ editorPanes.ts:136
(anonymous) @ editorGroupView.ts:1259
Lb @ editorGroupView.ts:1283
Kb @ editorGroupView.ts:1241
openEditor @ editorGroupView.ts:1145
openEditor @ editorService.ts:582
await in openEditor
w @ fileActions.ts:967
await in w
onFinish @ fileActions.ts:982
await in onFinish
(anonymous) @ explorerViewer.ts:1108
(anonymous) @ functional.ts:27
(anonymous) @ explorerViewer.ts:1151
(anonymous) @ dom.ts:187
languageConfigurationExtensionPoint.ts:147 Qa: Unable to read file '/Users/bleckwolf25/.vscode/extensions/google.geminicodeassist-2.42.0/log.configuration.json' (Error: Unable to resolve nonexistent file '/Users/bleckwolf25/.vscode/extensions/google.geminicodeassist-2.42.0/log.configuration.json')
    at Cyt.G (vscode-file://vscode-app/Applications/Visual%20Studio%20Code.app/Contents/Resources/app/out/vs/workbench/workbench.desktop.main.js:3360:65776)
    at Cyt.F (vscode-file://vscode-app/Applications/Visual%20Studio%20Code.app/Contents/Resources/app/out/vs/workbench/workbench.desktop.main.js:3360:65601)
    at async Cyt.D (vscode-file://vscode-app/Applications/Visual%20Studio%20Code.app/Contents/Resources/app/out/vs/workbench/workbench.desktop.main.js:3360:64968)
    at async P0t.readExtensionResource (vscode-file://vscode-app/Applications/Visual%20Studio%20Code.app/Contents/Resources/app/out/vs/workbench/workbench.desktop.main.js:3390:2243)
    at async CWe.j (vscode-file://vscode-app/Applications/Visual%20Studio%20Code.app/Contents/Resources/app/out/vs/workbench/workbench.desktop.main.js:492:5323)
    at async Promise.all (index 0)
    at async CWe.h (vscode-file://vscode-app/Applications/Visual%20Studio%20Code.app/Contents/Resources/app/out/vs/workbench/workbench.desktop.main.js:492:5232)
j @ languageConfigurationExtensionPoint.ts:147
await in j
(anonymous) @ languageConfigurationExtensionPoint.ts:127
h @ languageConfigurationExtensionPoint.ts:127
(anonymous) @ languageConfigurationExtensionPoint.ts:107
Promise.then
(anonymous) @ languageConfigurationExtensionPoint.ts:106
C @ event.ts:1219
fire @ event.ts:1250
requestBasicLanguageFeatures @ languageService.ts:133
requestRichLanguageFeatures @ languageService.ts:142
wf @ textModel.ts:394
o @ instantiationService.ts:162
createInstance @ instantiationService.ts:128
I @ modelService.ts:317
createModel @ modelService.ts:451
I @ textEditorModel.ts:172
H @ textEditorModel.ts:166
Gb @ textFileEditorModel.ts:562
Fb @ textFileEditorModel.ts:544
Eb @ textFileEditorModel.ts:469
await in Eb
Ab @ textFileEditorModel.ts:329
await in Ab
resolve @ textFileEditorModel.ts:307
W @ textFileEditorModelManager.ts:423
resolve @ textFileEditorModelManager.ts:364
jb @ fileEditorInput.ts:360
resolve @ fileEditorInput.ts:346
setInput @ textFileEditor.ts:108
await in setInput
S @ editorPanes.ts:464
L @ editorPanes.ts:259
openEditor @ editorPanes.ts:136
(anonymous) @ editorGroupView.ts:1259
Lb @ editorGroupView.ts:1283
Kb @ editorGroupView.ts:1241
openEditor @ editorGroupView.ts:1145
openEditor @ editorService.ts:582
await in openEditor
w @ fileActions.ts:967
await in w
onFinish @ fileActions.ts:982
await in onFinish
(anonymous) @ explorerViewer.ts:1108
(anonymous) @ functional.ts:27
(anonymous) @ explorerViewer.ts:1151
(anonymous) @ dom.ts:187
console.ts:137 [Extension Host] 2025-07-24T23:38:55.866Z WARN      Performance issue detected: High Memory Usage Detected | {"id":"high_memory_1753400335866","type":"high_memory","severity":"critical","title":"High Memory Usage Detected","description":"Memory usage is at 99.1%","component":"system","detectedAt":1753400335866,"metrics":{"memoryUsage":99.14588928222656,"memoryUsedMB":8122},"suggestions":["Check for memory leaks in recent code","Clear unnecessary caches and data structures","Review object lifecycle management"],"impact":"May cause system instability and crashes"}
Tds @ console.ts:137
$logExtensionHostMessage @ mainThreadConsole.ts:39
S @ rpcProtocol.ts:458
Q @ rpcProtocol.ts:443
M @ rpcProtocol.ts:373
L @ rpcProtocol.ts:299
(anonymous) @ rpcProtocol.ts:161
C @ event.ts:1219
fire @ event.ts:1250
fire @ ipc.net.ts:652
l.onmessage @ localProcessExtensionHost.ts:382
--- TESTING UPDATED EXTENSION ---